-- ISCL Seeding Script with Actual Website Data
-- RUN THIS IN THE SUPABASE SQL EDITOR TO INJECT ALL 32 TEAMS, SQUADS, POINTS TABLE AND MATCH RECORDS

-- Clean existing records to avoid conflicts
TRUNCATE TABLE registrations CASCADE;
TRUNCATE TABLE news CASCADE;
TRUNCATE TABLE points_table CASCADE;
TRUNCATE TABLE matches CASCADE;
TRUNCATE TABLE players CASCADE;
TRUNCATE TABLE teams CASCADE;

-- 1. SEED TEAMS
INSERT INTO teams (id, name, city, logo, color, captain) VALUES (1, 'Gujarati Kings', 'Gujarat', '/images/Gujarati_kings.jpg', '#FF9933', 'Aniket Rathod');
INSERT INTO teams (id, name, city, logo, color, captain) VALUES (2, 'Maharashtra Super Chargers', 'Maharashtra', '/images/Maharashtra.png', '#FFCC00', 'Sushil Burle');
INSERT INTO teams (id, name, city, logo, color, captain) VALUES (3, 'Royal Rajputs', 'Rajasthan', '/images/Rajasthan.png', '#E60067', 'Vijendra Verma');
INSERT INTO teams (id, name, city, logo, color, captain) VALUES (4, 'Twin Hills United', 'Uttar Pradesh', '/images/UP_RED.png', '#FF0000', 'Not Specified');
INSERT INTO teams (id, name, city, logo, color, captain) VALUES (5, 'Delhi Dare Strikers', 'Delhi', '/images/Delhi.jpg', '#004A99', 'Not Specified');
INSERT INTO teams (id, name, city, logo, color, captain) VALUES (6, 'Andaman Admirals', 'Andaman & Nicobar', '/images/Andaman.png', '#0D9488', 'Saw Thaw');
INSERT INTO teams (id, name, city, logo, color, captain) VALUES (7, 'Andhra Warriors', 'Andhra Pradesh', '/images/AP.png', '#059669', 'Paluri Veeru');
INSERT INTO teams (id, name, city, logo, color, captain) VALUES (8, 'Bihar Rising', 'Bihar', '/images/BIHAR.png', '#B45309', 'Priyanshu Mishra');
INSERT INTO teams (id, name, city, logo, color, captain) VALUES (9, 'Chandigarh Super Strikers', 'Chandigarh', '/images/CHANDIGARH.png', '#6D28D9', 'Amit Kumar');
INSERT INTO teams (id, name, city, logo, color, captain) VALUES (10, 'Tamil Nadu Warriors', 'Tamil Nadu', '/images/TAMIL_NADU.png', '#0055A5', 'S Thangavel');
INSERT INTO teams (id, name, city, logo, color, captain) VALUES (11, 'Coral Strikers', 'Lakshadweep', '/images/LAKSHADWEEP.png', '#00A896', 'Mohammed Asif');
INSERT INTO teams (id, name, city, logo, color, captain) VALUES (12, 'Hima Hawks', 'North East', '/images/NORTH_EAST.png', '#028090', 'Tenzing Namgyal');
INSERT INTO teams (id, name, city, logo, color, captain) VALUES (13, 'Himachal Heroes', 'Himachal Pradesh', '/images/HIMACHAL_PRADESH.png', '#00A4E4', 'Vinay Bhushan');
INSERT INTO teams (id, name, city, logo, color, captain) VALUES (14, 'Hornbill Tigers', 'Assam', '/images/Assam.png', '#FFCC00', 'Shantanu Das');
INSERT INTO teams (id, name, city, logo, color, captain) VALUES (15, 'Jharkhand Dynamites', 'Jharkhand', '/images/JHARKHAND.png', '#1B4D3E', 'Saurabh Tiwary');
INSERT INTO teams (id, name, city, logo, color, captain) VALUES (16, 'Kadhamba Kings Goa', 'Goa', '/images/Goa.png', '#E2583E', 'Afrid Sayyad');
INSERT INTO teams (id, name, city, logo, color, captain) VALUES (17, 'Kalinga Knights', 'Odisha', '/images/OD.png', '#8B4513', 'Shantanu Das');
INSERT INTO teams (id, name, city, logo, color, captain) VALUES (18, 'Karunada Gajapade', 'Karnataka', '/images/KA.png', '#CE1126', 'B N Lakshmi Sagar');
INSERT INTO teams (id, name, city, logo, color, captain) VALUES (19, 'Kerala Kathakali Kings XI', 'Kerala', '/images/Kerala.jpg', '#006400', 'Roshan Raju');
INSERT INTO teams (id, name, city, logo, color, captain) VALUES (20, 'Kings Uttar Pradesh Blue', 'Uttar Pradesh', '/images/UTTAR_PRADESH BLUE.png', '#0077B6', 'Kamaran Khan');
INSERT INTO teams (id, name, city, logo, color, captain) VALUES (21, 'Ma Dugga Warriors', 'West Bengal', '/images/WEST_BENGAL.jpeg', '#FF4500', 'Subham Sarkar');
INSERT INTO teams (id, name, city, logo, color, captain) VALUES (22, 'Malwa Masters', 'Madhya Pradesh', '/images/MADHYA_PRADESH.jpg', '#8E44AD', 'Azeem Khan');
INSERT INTO teams (id, name, city, logo, color, captain) VALUES (23, 'Northern Blaze', 'North Zone', '/images/NORTH_ZONE.png', '#E67E22', 'Abdul Kareem');
INSERT INTO teams (id, name, city, logo, color, captain) VALUES (24, 'Northern Warriors', 'Jammu and Kashmir', '/images/JAMMU_AND_KASHMIR.png', '#2C3E50', 'Rahil Mohd');
INSERT INTO teams (id, name, city, logo, color, captain) VALUES (25, 'Haryana Hurricanes', 'Haryana', '/images/HARYANA.png', '#FFD700', 'Sandeep Kumar');
INSERT INTO teams (id, name, city, logo, color, captain) VALUES (26, 'Punjab Golden Fighters', 'Punjab', '/images/PUNJAB.png', '#FFC000', 'Amandeep Singh');
INSERT INTO teams (id, name, city, logo, color, captain) VALUES (27, 'Chhattisgarh Cheetahs', 'Chhattisgarh', '/images/CHHATTISGARH.png', '#008000', 'Rajesh Kumar');
INSERT INTO teams (id, name, city, logo, color, captain) VALUES (28, 'South Zone Strikers', 'South Zone', '/images/SOUTH_ZONE.png', '#1E90FF', 'Iranna S B');
INSERT INTO teams (id, name, city, logo, color, captain) VALUES (29, 'Uttara Raptors', 'Uttarakhand', '/images/UK.jpg', '#8B4513', 'Vijay Kumar');
INSERT INTO teams (id, name, city, logo, color, captain) VALUES (30, 'Real Challengers Bengaluru', 'Bengaluru', '/images/BENGALURU.jpg', '#FF4500', 'Vignesh Pattabi');
INSERT INTO teams (id, name, city, logo, color, captain) VALUES (31, 'Telangana Singhams', 'Telangana', '/images/TELANGANA.jpg', '#FF4500', 'Azher Uddin');
INSERT INTO teams (id, name, city, logo, color, captain) VALUES (32, 'Mumbai Royals', 'Mumbai', '/images/MUMBAI.png', '#002366', 'Shardul Thakur');

-- 2. SEED POINTS TABLE (STANDINGS)
INSERT INTO points_table (team_id, played, won, lost, nr, points, nrr, position, last_five) VALUES (26, 7, 7, 0, 0, 14, 1.946, 1, ARRAY['W', 'W', 'W', 'W', 'W']);
INSERT INTO points_table (team_id, played, won, lost, nr, points, nrr, position, last_five) VALUES (3, 6, 5, 1, 0, 10, 1.435, 2, ARRAY['W', 'W', 'W', 'W', 'L']);
INSERT INTO points_table (team_id, played, won, lost, nr, points, nrr, position, last_five) VALUES (20, 7, 5, 2, 0, 10, 1.356, 3, ARRAY['W', 'W', 'L', 'W', 'L']);
INSERT INTO points_table (team_id, played, won, lost, nr, points, nrr, position, last_five) VALUES (29, 6, 4, 2, 0, 8, 2.314, 4, ARRAY['W', 'L', 'W', 'W', 'L']);
INSERT INTO points_table (team_id, played, won, lost, nr, points, nrr, position, last_five) VALUES (9, 4, 3, 1, 0, 6, 3.883, 5, ARRAY['W', 'W', 'W', 'L']);
INSERT INTO points_table (team_id, played, won, lost, nr, points, nrr, position, last_five) VALUES (2, 5, 3, 2, 0, 6, 2.073, 6, ARRAY['W', 'L', 'W', 'L', 'W']);
INSERT INTO points_table (team_id, played, won, lost, nr, points, nrr, position, last_five) VALUES (18, 5, 3, 2, 0, 6, 1.793, 7, ARRAY['L', 'W', 'W', 'L', 'W']);
INSERT INTO points_table (team_id, played, won, lost, nr, points, nrr, position, last_five) VALUES (1, 5, 3, 2, 0, 6, 0.344, 8, ARRAY['W', 'L', 'L', 'W', 'W']);
INSERT INTO points_table (team_id, played, won, lost, nr, points, nrr, position, last_five) VALUES (25, 4, 3, 1, 0, 6, 0.252, 9, ARRAY['W', 'W', 'L', 'W']);
INSERT INTO points_table (team_id, played, won, lost, nr, points, nrr, position, last_five) VALUES (32, 4, 3, 1, 0, 6, 0.013, 10, ARRAY['L', 'W', 'W', 'W']);
INSERT INTO points_table (team_id, played, won, lost, nr, points, nrr, position, last_five) VALUES (7, 5, 3, 2, 0, 6, -0.273, 11, ARRAY['W', 'L', 'W', 'L', 'W']);
INSERT INTO points_table (team_id, played, won, lost, nr, points, nrr, position, last_five) VALUES (31, 5, 3, 2, 0, 6, -0.884, 12, ARRAY['L', 'W', 'L', 'W', 'W']);
INSERT INTO points_table (team_id, played, won, lost, nr, points, nrr, position, last_five) VALUES (22, 4, 2, 2, 0, 4, 2.423, 13, ARRAY['W', 'L', 'W', 'L']);
INSERT INTO points_table (team_id, played, won, lost, nr, points, nrr, position, last_five) VALUES (28, 3, 2, 1, 0, 4, 0.962, 14, ARRAY['W', 'L', 'W']);
INSERT INTO points_table (team_id, played, won, lost, nr, points, nrr, position, last_five) VALUES (17, 5, 2, 3, 0, 4, -0.274, 15, ARRAY['L', 'W', 'L', 'W', 'L']);
INSERT INTO points_table (team_id, played, won, lost, nr, points, nrr, position, last_five) VALUES (21, 4, 1, 3, 0, 2, 0.623, 16, ARRAY['L', 'L', 'W', 'L']);
INSERT INTO points_table (team_id, played, won, lost, nr, points, nrr, position, last_five) VALUES (19, 3, 1, 2, 0, 2, -0.252, 17, ARRAY['L', 'W', 'L']);
INSERT INTO points_table (team_id, played, won, lost, nr, points, nrr, position, last_five) VALUES (16, 3, 1, 2, 0, 2, -0.352, 18, ARRAY['W', 'L', 'L']);
INSERT INTO points_table (team_id, played, won, lost, nr, points, nrr, position, last_five) VALUES (6, 3, 1, 2, 0, 2, -0.412, 19, ARRAY['L', 'L', 'W']);
INSERT INTO points_table (team_id, played, won, lost, nr, points, nrr, position, last_five) VALUES (30, 3, 1, 2, 0, 2, -0.592, 20, ARRAY['L', 'W', 'L']);
INSERT INTO points_table (team_id, played, won, lost, nr, points, nrr, position, last_five) VALUES (5, 4, 1, 3, 0, 2, -0.612, 21, ARRAY['L', 'L', 'L', 'W']);
INSERT INTO points_table (team_id, played, won, lost, nr, points, nrr, position, last_five) VALUES (15, 3, 1, 2, 0, 2, -0.632, 22, ARRAY['L', 'W', 'L']);
INSERT INTO points_table (team_id, played, won, lost, nr, points, nrr, position, last_five) VALUES (8, 3, 1, 2, 0, 2, -0.852, 23, ARRAY['W', 'L', 'L']);
INSERT INTO points_table (team_id, played, won, lost, nr, points, nrr, position, last_five) VALUES (23, 3, 1, 2, 0, 2, -1.192, 24, ARRAY['L', 'L', 'W']);
INSERT INTO points_table (team_id, played, won, lost, nr, points, nrr, position, last_five) VALUES (4, 4, 1, 3, 0, 2, -1.373, 25, ARRAY['L', 'L', 'W', 'L']);
INSERT INTO points_table (team_id, played, won, lost, nr, points, nrr, position, last_five) VALUES (24, 3, 1, 2, 0, 2, -1.662, 26, ARRAY['L', 'W', 'L']);
INSERT INTO points_table (team_id, played, won, lost, nr, points, nrr, position, last_five) VALUES (27, 3, 1, 2, 0, 2, -2.231, 27, ARRAY['L', 'L', 'W']);
INSERT INTO points_table (team_id, played, won, lost, nr, points, nrr, position, last_five) VALUES (14, 3, 1, 2, 0, 2, -2.391, 28, ARRAY['W', 'L', 'L']);
INSERT INTO points_table (team_id, played, won, lost, nr, points, nrr, position, last_five) VALUES (13, 3, 0, 3, 0, 0, -1.692, 29, ARRAY['L', 'L', 'L']);
INSERT INTO points_table (team_id, played, won, lost, nr, points, nrr, position, last_five) VALUES (12, 3, 0, 3, 0, 0, -5.231, 30, ARRAY['L', 'L', 'L']);
INSERT INTO points_table (team_id, played, won, lost, nr, points, nrr, position, last_five) VALUES (11, 3, 0, 3, 0, 0, -5.611, 31, ARRAY['L', 'L', 'L']);
INSERT INTO points_table (team_id, played, won, lost, nr, points, nrr, position, last_five) VALUES (10, 3, 0, 3, 0, 0, -5.741, 32, ARRAY['L', 'L', 'L']);

-- 3. SEED PLAYERS (SQUADS)
INSERT INTO players (id, team_id, name, role, jersey, photo, runs, wickets, strike_rate, fifties, economy, fours, sixes, boundaries) VALUES (1, 1, 'Aniket Rathod', 'Batter', 10, '/players/aniket-r.jpg', 0, 0, 140, 0, 6, 0, 0, 0);
INSERT INTO players (id, team_id, name, role, jersey, photo, runs, wickets, strike_rate, fifties, economy, fours, sixes, boundaries) VALUES (2, 1, 'Jay Mandaliya', 'Batter', 7, '/players/jay-m.jpg', 0, 0, 140, 0, 6, 0, 0, 0);
INSERT INTO players (id, team_id, name, role, jersey, photo, runs, wickets, strike_rate, fifties, economy, fours, sixes, boundaries) VALUES (3, 1, 'Bhavik Bhadani', 'Batter', 18, '/players/bhavik-b.jpg', 0, 0, 140, 0, 6, 0, 0, 0);
INSERT INTO players (id, team_id, name, role, jersey, photo, runs, wickets, strike_rate, fifties, economy, fours, sixes, boundaries) VALUES (4, 1, 'Vijay Detwal', 'Batter', 32, '/players/vijay-d.jpg', 0, 0, 140, 0, 6, 0, 0, 0);
INSERT INTO players (id, team_id, name, role, jersey, photo, runs, wickets, strike_rate, fifties, economy, fours, sixes, boundaries) VALUES (5, 1, 'Yogesh Solanki', 'Batter', 24, '/players/yogesh-s.jpg', 0, 0, 140, 0, 6, 0, 0, 0);
INSERT INTO players (id, team_id, name, role, jersey, photo, runs, wickets, strike_rate, fifties, economy, fours, sixes, boundaries) VALUES (6, 1, 'Ajaz Khokhar', 'All Rounder', 9, '/players/ajaz-k.jpg', 0, 0, 140, 0, 6, 0, 0, 0);
INSERT INTO players (id, team_id, name, role, jersey, photo, runs, wickets, strike_rate, fifties, economy, fours, sixes, boundaries) VALUES (7, 1, 'Jay Soni', 'Bowler', 11, '/players/jay-s.jpg', 0, 0, 140, 0, 6, 0, 0, 0);
INSERT INTO players (id, team_id, name, role, jersey, photo, runs, wickets, strike_rate, fifties, economy, fours, sixes, boundaries) VALUES (8, 1, 'Sachin Parmar', 'Bowler', 8, '/players/sachin-p.jpg', 0, 0, 140, 0, 6, 0, 0, 0);
INSERT INTO players (id, team_id, name, role, jersey, photo, runs, wickets, strike_rate, fifties, economy, fours, sixes, boundaries) VALUES (9, 1, 'Sumit', 'All Rounder', 45, '/players/sumit.jpg', 0, 0, 140, 0, 6, 0, 0, 0);
INSERT INTO players (id, team_id, name, role, jersey, photo, runs, wickets, strike_rate, fifties, economy, fours, sixes, boundaries) VALUES (10, 1, 'Vijay Thakor', 'Batter', 3, '/players/vijay-t.jpg', 0, 0, 140, 0, 6, 0, 0, 0);
INSERT INTO players (id, team_id, name, role, jersey, photo, runs, wickets, strike_rate, fifties, economy, fours, sixes, boundaries) VALUES (11, 1, 'Aniket Bhoi', 'Batter', 13, '/players/aniket-b.jpg', 0, 0, 140, 0, 6, 0, 0, 0);
INSERT INTO players (id, team_id, name, role, jersey, photo, runs, wickets, strike_rate, fifties, economy, fours, sixes, boundaries) VALUES (12, 1, 'Shailesh Bharwad', 'Bowler', 5, '/players/shailesh-b.jpg', 112, 0, 158.5, 1, 6, 14, 4, 18);
INSERT INTO players (id, team_id, name, role, jersey, photo, runs, wickets, strike_rate, fifties, economy, fours, sixes, boundaries) VALUES (13, 1, 'Hitu Jadeja', 'Batter', 99, '/players/hitu-j.jpg', 0, 0, 140, 0, 6, 0, 0, 0);
INSERT INTO players (id, team_id, name, role, jersey, photo, runs, wickets, strike_rate, fifties, economy, fours, sixes, boundaries) VALUES (14, 1, 'Bilal Rajput', 'Batter', 0, '/players/bilal-r.jpg', 0, 0, 140, 0, 6, 0, 0, 0);
INSERT INTO players (id, team_id, name, role, jersey, photo, runs, wickets, strike_rate, fifties, economy, fours, sixes, boundaries) VALUES (15, 1, 'Manav Patel', 'All Rounder', 22, '/players/manav-p.jpg', 0, 0, 140, 0, 6, 0, 0, 0);
INSERT INTO players (id, team_id, name, role, jersey, photo, runs, wickets, strike_rate, fifties, economy, fours, sixes, boundaries) VALUES (16, 1, 'Rushabh Chaudhari', 'Bowler', 6, '/players/rushabh-c.jpg', 0, 0, 140, 0, 6, 0, 0, 0);
INSERT INTO players (id, team_id, name, role, jersey, photo, runs, wickets, strike_rate, fifties, economy, fours, sixes, boundaries) VALUES (17, 2, 'Sushil Burle', 'Batter', 10, NULL, 0, 0, 140, 0, 6, 0, 0, 0);
INSERT INTO players (id, team_id, name, role, jersey, photo, runs, wickets, strike_rate, fifties, economy, fours, sixes, boundaries) VALUES (18, 2, 'Sandeep Pawar', 'Batter', 7, NULL, 0, 0, 140, 0, 6, 0, 0, 0);
INSERT INTO players (id, team_id, name, role, jersey, photo, runs, wickets, strike_rate, fifties, economy, fours, sixes, boundaries) VALUES (19, 2, 'Ajit Bagadi', 'All Rounder', 11, NULL, 0, 0, 140, 0, 6, 0, 0, 0);
INSERT INTO players (id, team_id, name, role, jersey, photo, runs, wickets, strike_rate, fifties, economy, fours, sixes, boundaries) VALUES (20, 2, 'Imran Khan', 'Batter', 9, NULL, 0, 0, 140, 0, 6, 0, 0, 0);
INSERT INTO players (id, team_id, name, role, jersey, photo, runs, wickets, strike_rate, fifties, economy, fours, sixes, boundaries) VALUES (21, 2, 'Akash Chavan', 'Batter', 45, NULL, 0, 0, 140, 0, 6, 0, 0, 0);
INSERT INTO players (id, team_id, name, role, jersey, photo, runs, wickets, strike_rate, fifties, economy, fours, sixes, boundaries) VALUES (22, 2, 'Narsing Pallampalle', 'Wicket Keeper', 23, NULL, 0, 0, 140, 0, 6, 0, 0, 0);
INSERT INTO players (id, team_id, name, role, jersey, photo, runs, wickets, strike_rate, fifties, economy, fours, sixes, boundaries) VALUES (23, 2, 'Wasim Shaikh', 'All Rounder', 17, NULL, 0, 0, 140, 0, 6, 0, 0, 0);
INSERT INTO players (id, team_id, name, role, jersey, photo, runs, wickets, strike_rate, fifties, economy, fours, sixes, boundaries) VALUES (24, 2, 'Ajinkya Deshmukh', 'Bowler', 3, NULL, 0, 0, 140, 0, 6, 0, 0, 0);
INSERT INTO players (id, team_id, name, role, jersey, photo, runs, wickets, strike_rate, fifties, economy, fours, sixes, boundaries) VALUES (25, 2, 'Durgaprasad Chate', 'Bowler', 8, NULL, 0, 0, 140, 0, 6, 0, 0, 0);
INSERT INTO players (id, team_id, name, role, jersey, photo, runs, wickets, strike_rate, fifties, economy, fours, sixes, boundaries) VALUES (26, 2, 'Afrid Sayyad', 'Bowler', 99, NULL, 0, 0, 140, 0, 4.98, 0, 0, 0);
INSERT INTO players (id, team_id, name, role, jersey, photo, runs, wickets, strike_rate, fifties, economy, fours, sixes, boundaries) VALUES (27, 2, 'Indrajit Sawant', 'Bowler', 5, NULL, 0, 0, 140, 0, 6, 0, 0, 0);
INSERT INTO players (id, team_id, name, role, jersey, photo, runs, wickets, strike_rate, fifties, economy, fours, sixes, boundaries) VALUES (28, 2, 'Hamza Khan', 'All Rounder', 14, NULL, 0, 0, 140, 0, 6, 0, 0, 0);
INSERT INTO players (id, team_id, name, role, jersey, photo, runs, wickets, strike_rate, fifties, economy, fours, sixes, boundaries) VALUES (29, 2, 'Nitin Raut', 'Bowler', 22, NULL, 0, 0, 140, 0, 6, 0, 0, 0);
INSERT INTO players (id, team_id, name, role, jersey, photo, runs, wickets, strike_rate, fifties, economy, fours, sixes, boundaries) VALUES (30, 2, 'Amar Kolekar', 'All Rounder', 13, NULL, 0, 0, 140, 0, 6, 0, 0, 0);
INSERT INTO players (id, team_id, name, role, jersey, photo, runs, wickets, strike_rate, fifties, economy, fours, sixes, boundaries) VALUES (31, 2, 'Abhijeet Dudhe', 'Bowler', 2, NULL, 0, 0, 140, 0, 6, 0, 0, 0);
INSERT INTO players (id, team_id, name, role, jersey, photo, runs, wickets, strike_rate, fifties, economy, fours, sixes, boundaries) VALUES (32, 2, 'Vikas Bahadur Subba', 'Batter', 21, NULL, 0, 0, 140, 0, 6, 0, 0, 0);
INSERT INTO players (id, team_id, name, role, jersey, photo, runs, wickets, strike_rate, fifties, economy, fours, sixes, boundaries) VALUES (33, 2, 'Ankit Rathod', 'Batter', 18, NULL, 0, 0, 140, 0, 6, 0, 0, 0);
INSERT INTO players (id, team_id, name, role, jersey, photo, runs, wickets, strike_rate, fifties, economy, fours, sixes, boundaries) VALUES (34, 3, 'Vijendra Verma', 'Batter', 1, NULL, 0, 0, 140, 0, 6, 0, 0, 0);
INSERT INTO players (id, team_id, name, role, jersey, photo, runs, wickets, strike_rate, fifties, economy, fours, sixes, boundaries) VALUES (35, 3, 'Manpreet Singh', 'Batter', 6, NULL, 0, 0, 140, 0, 6, 0, 0, 0);
INSERT INTO players (id, team_id, name, role, jersey, photo, runs, wickets, strike_rate, fifties, economy, fours, sixes, boundaries) VALUES (36, 3, 'Prashant Vesoniya', 'Batter', 33, NULL, 0, 0, 140, 0, 6, 0, 0, 0);
INSERT INTO players (id, team_id, name, role, jersey, photo, runs, wickets, strike_rate, fifties, economy, fours, sixes, boundaries) VALUES (37, 3, 'Aamir Soyal', 'Batter', 3, NULL, 0, 0, 140, 0, 6, 0, 0, 0);
INSERT INTO players (id, team_id, name, role, jersey, photo, runs, wickets, strike_rate, fifties, economy, fours, sixes, boundaries) VALUES (38, 3, 'Virendra Janawa', 'Batter', 23, NULL, 0, 0, 140, 0, 6, 0, 0, 0);
INSERT INTO players (id, team_id, name, role, jersey, photo, runs, wickets, strike_rate, fifties, economy, fours, sixes, boundaries) VALUES (39, 3, 'Daulat Singh', 'Batter', 0, NULL, 0, 0, 140, 0, 6, 0, 0, 0);
INSERT INTO players (id, team_id, name, role, jersey, photo, runs, wickets, strike_rate, fifties, economy, fours, sixes, boundaries) VALUES (40, 3, 'Rohit Nanda', 'Batter', 12, NULL, 0, 0, 140, 0, 6, 0, 0, 0);
INSERT INTO players (id, team_id, name, role, jersey, photo, runs, wickets, strike_rate, fifties, economy, fours, sixes, boundaries) VALUES (41, 3, 'Udayveer Meena', 'All Rounder', 14, NULL, 0, 0, 140, 0, 6, 0, 0, 0);
INSERT INTO players (id, team_id, name, role, jersey, photo, runs, wickets, strike_rate, fifties, economy, fours, sixes, boundaries) VALUES (42, 3, 'Sangram Singh', 'All Rounder', 7, NULL, 0, 0, 140, 0, 6, 0, 0, 0);
INSERT INTO players (id, team_id, name, role, jersey, photo, runs, wickets, strike_rate, fifties, economy, fours, sixes, boundaries) VALUES (43, 3, 'Neeraj Sharma', 'All Rounder', 11, NULL, 0, 0, 140, 0, 6, 0, 0, 0);
INSERT INTO players (id, team_id, name, role, jersey, photo, runs, wickets, strike_rate, fifties, economy, fours, sixes, boundaries) VALUES (44, 3, 'Manthan Ram', 'All Rounder', 17, NULL, 0, 17, 140, 0, 6, 0, 0, 0);
INSERT INTO players (id, team_id, name, role, jersey, photo, runs, wickets, strike_rate, fifties, economy, fours, sixes, boundaries) VALUES (45, 3, 'Surendra Saini', 'All Rounder', 8, NULL, 0, 0, 140, 0, 6, 0, 0, 0);
INSERT INTO players (id, team_id, name, role, jersey, photo, runs, wickets, strike_rate, fifties, economy, fours, sixes, boundaries) VALUES (46, 3, 'Praveen Sharma', 'All Rounder', 22, NULL, 0, 0, 140, 0, 6, 0, 0, 0);
INSERT INTO players (id, team_id, name, role, jersey, photo, runs, wickets, strike_rate, fifties, economy, fours, sixes, boundaries) VALUES (47, 3, 'Deepak Sherawat', 'Bowler', 19, NULL, 0, 0, 140, 0, 6, 0, 0, 0);
INSERT INTO players (id, team_id, name, role, jersey, photo, runs, wickets, strike_rate, fifties, economy, fours, sixes, boundaries) VALUES (48, 3, 'Vinay Kumar', 'Bowler', 25, NULL, 0, 0, 140, 0, 6, 0, 0, 0);
INSERT INTO players (id, team_id, name, role, jersey, photo, runs, wickets, strike_rate, fifties, economy, fours, sixes, boundaries) VALUES (49, 4, 'Harshit Yadav', 'All Rounder', 0, NULL, 0, 0, 140, 0, 6, 0, 0, 0);
INSERT INTO players (id, team_id, name, role, jersey, photo, runs, wickets, strike_rate, fifties, economy, fours, sixes, boundaries) VALUES (50, 4, 'Sippy Bansal', 'Batter', 0, NULL, 0, 0, 140, 0, 6, 0, 0, 0);
INSERT INTO players (id, team_id, name, role, jersey, photo, runs, wickets, strike_rate, fifties, economy, fours, sixes, boundaries) VALUES (51, 4, 'Akib Khan', 'Batter', 0, NULL, 0, 0, 140, 0, 6, 0, 0, 0);
INSERT INTO players (id, team_id, name, role, jersey, photo, runs, wickets, strike_rate, fifties, economy, fours, sixes, boundaries) VALUES (52, 4, 'Abhishek Yadav', 'Batter', 0, NULL, 0, 0, 140, 0, 6, 0, 0, 0);
INSERT INTO players (id, team_id, name, role, jersey, photo, runs, wickets, strike_rate, fifties, economy, fours, sixes, boundaries) VALUES (53, 4, 'Shivam Kamboj', 'All Rounder', 0, NULL, 0, 0, 140, 0, 6, 0, 0, 0);
INSERT INTO players (id, team_id, name, role, jersey, photo, runs, wickets, strike_rate, fifties, economy, fours, sixes, boundaries) VALUES (54, 4, 'Raja Pandey', 'All Rounder', 0, NULL, 0, 0, 140, 0, 6, 0, 0, 0);
INSERT INTO players (id, team_id, name, role, jersey, photo, runs, wickets, strike_rate, fifties, economy, fours, sixes, boundaries) VALUES (55, 4, 'Vishal Singh', 'Batter', 0, NULL, 0, 0, 140, 0, 6, 0, 0, 0);
INSERT INTO players (id, team_id, name, role, jersey, photo, runs, wickets, strike_rate, fifties, economy, fours, sixes, boundaries) VALUES (56, 4, 'Abhishek Singh', 'All Rounder', 0, NULL, 0, 0, 140, 0, 6, 0, 0, 0);
INSERT INTO players (id, team_id, name, role, jersey, photo, runs, wickets, strike_rate, fifties, economy, fours, sixes, boundaries) VALUES (57, 4, 'Md Sahil Khan', 'All Rounder', 0, NULL, 0, 0, 140, 0, 6, 0, 0, 0);
INSERT INTO players (id, team_id, name, role, jersey, photo, runs, wickets, strike_rate, fifties, economy, fours, sixes, boundaries) VALUES (58, 4, 'Vishal Roy', 'All Rounder', 0, NULL, 0, 0, 140, 0, 6, 0, 0, 0);
INSERT INTO players (id, team_id, name, role, jersey, photo, runs, wickets, strike_rate, fifties, economy, fours, sixes, boundaries) VALUES (59, 4, 'Shubham Yadav', 'All Rounder', 0, NULL, 0, 0, 140, 0, 6, 0, 0, 0);
INSERT INTO players (id, team_id, name, role, jersey, photo, runs, wickets, strike_rate, fifties, economy, fours, sixes, boundaries) VALUES (60, 4, 'Adil', 'Bowler', 0, NULL, 0, 0, 140, 0, 6, 0, 0, 0);
INSERT INTO players (id, team_id, name, role, jersey, photo, runs, wickets, strike_rate, fifties, economy, fours, sixes, boundaries) VALUES (61, 4, 'Asif Khan', 'All Rounder', 0, NULL, 0, 0, 140, 0, 6, 0, 0, 0);
INSERT INTO players (id, team_id, name, role, jersey, photo, runs, wickets, strike_rate, fifties, economy, fours, sixes, boundaries) VALUES (62, 4, 'Rabi Rajak', 'Batter', 0, NULL, 0, 0, 140, 0, 6, 0, 0, 0);
INSERT INTO players (id, team_id, name, role, jersey, photo, runs, wickets, strike_rate, fifties, economy, fours, sixes, boundaries) VALUES (63, 4, 'Saurabh Tiwari', 'Batter', 0, NULL, 0, 0, 140, 0, 6, 0, 0, 0);
INSERT INTO players (id, team_id, name, role, jersey, photo, runs, wickets, strike_rate, fifties, economy, fours, sixes, boundaries) VALUES (64, 5, 'Ujjawal Upadhyay', 'All Rounder', 0, NULL, 0, 0, 140, 0, 6, 0, 0, 0);
INSERT INTO players (id, team_id, name, role, jersey, photo, runs, wickets, strike_rate, fifties, economy, fours, sixes, boundaries) VALUES (65, 5, 'Shadab Khan', 'All Rounder', 0, NULL, 0, 0, 140, 0, 6, 0, 0, 0);
INSERT INTO players (id, team_id, name, role, jersey, photo, runs, wickets, strike_rate, fifties, economy, fours, sixes, boundaries) VALUES (66, 5, 'Abhishek Bhatt', 'All Rounder', 0, NULL, 0, 0, 140, 0, 6, 0, 0, 0);
INSERT INTO players (id, team_id, name, role, jersey, photo, runs, wickets, strike_rate, fifties, economy, fours, sixes, boundaries) VALUES (67, 5, 'Tapish Bisht', 'All Rounder', 0, NULL, 0, 0, 140, 0, 6, 0, 0, 0);
INSERT INTO players (id, team_id, name, role, jersey, photo, runs, wickets, strike_rate, fifties, economy, fours, sixes, boundaries) VALUES (68, 5, 'Mohd Asif', 'All Rounder', 0, NULL, 0, 0, 140, 0, 6, 0, 0, 0);
INSERT INTO players (id, team_id, name, role, jersey, photo, runs, wickets, strike_rate, fifties, economy, fours, sixes, boundaries) VALUES (69, 5, 'Poojesh Kapu', 'Batter', 0, NULL, 0, 0, 140, 0, 6, 0, 0, 0);
INSERT INTO players (id, team_id, name, role, jersey, photo, runs, wickets, strike_rate, fifties, economy, fours, sixes, boundaries) VALUES (70, 5, 'Gagan Raj', 'Batter', 0, NULL, 0, 0, 140, 0, 6, 0, 0, 0);
INSERT INTO players (id, team_id, name, role, jersey, photo, runs, wickets, strike_rate, fifties, economy, fours, sixes, boundaries) VALUES (71, 5, 'Deep Kumar', 'Batter', 0, NULL, 0, 0, 140, 0, 6, 0, 0, 0);
INSERT INTO players (id, team_id, name, role, jersey, photo, runs, wickets, strike_rate, fifties, economy, fours, sixes, boundaries) VALUES (72, 5, 'Mohit Teddy', 'Batter', 0, NULL, 0, 0, 140, 0, 6, 0, 0, 0);
INSERT INTO players (id, team_id, name, role, jersey, photo, runs, wickets, strike_rate, fifties, economy, fours, sixes, boundaries) VALUES (73, 5, 'Sudesh Kumar', 'Batter', 0, NULL, 0, 0, 140, 0, 6, 0, 0, 0);
INSERT INTO players (id, team_id, name, role, jersey, photo, runs, wickets, strike_rate, fifties, economy, fours, sixes, boundaries) VALUES (74, 5, 'Nikky', 'Wicket Keeper', 0, NULL, 0, 0, 140, 0, 6, 0, 0, 0);
INSERT INTO players (id, team_id, name, role, jersey, photo, runs, wickets, strike_rate, fifties, economy, fours, sixes, boundaries) VALUES (75, 5, 'Shailesh Kumar', 'Bowler', 0, NULL, 0, 0, 140, 0, 6, 0, 0, 0);
INSERT INTO players (id, team_id, name, role, jersey, photo, runs, wickets, strike_rate, fifties, economy, fours, sixes, boundaries) VALUES (76, 5, 'Md Sayed', 'Bowler', 0, NULL, 0, 0, 140, 0, 6, 0, 0, 0);
INSERT INTO players (id, team_id, name, role, jersey, photo, runs, wickets, strike_rate, fifties, economy, fours, sixes, boundaries) VALUES (77, 5, 'Chaitanya', 'Bowler', 0, NULL, 0, 0, 140, 0, 6, 0, 0, 0);
INSERT INTO players (id, team_id, name, role, jersey, photo, runs, wickets, strike_rate, fifties, economy, fours, sixes, boundaries) VALUES (78, 5, 'Vishal Kachhap', 'Bowler', 0, NULL, 0, 0, 140, 0, 6, 0, 0, 0);
INSERT INTO players (id, team_id, name, role, jersey, photo, runs, wickets, strike_rate, fifties, economy, fours, sixes, boundaries) VALUES (79, 5, 'Pawan Gupta', 'Bowler', 0, NULL, 0, 0, 140, 0, 6, 0, 0, 0);
INSERT INTO players (id, team_id, name, role, jersey, photo, runs, wickets, strike_rate, fifties, economy, fours, sixes, boundaries) VALUES (80, 6, 'Saw Thaw', 'All Rounder', 7, NULL, 0, 0, 140, 0, 6, 0, 0, 0);
INSERT INTO players (id, team_id, name, role, jersey, photo, runs, wickets, strike_rate, fifties, economy, fours, sixes, boundaries) VALUES (81, 6, 'Alok Kumar', 'Batter', 10, NULL, 0, 0, 140, 0, 6, 0, 0, 0);
INSERT INTO players (id, team_id, name, role, jersey, photo, runs, wickets, strike_rate, fifties, economy, fours, sixes, boundaries) VALUES (82, 6, 'Mohamed Asif', 'Bowler', 9, NULL, 0, 0, 140, 0, 6, 0, 0, 0);
INSERT INTO players (id, team_id, name, role, jersey, photo, runs, wickets, strike_rate, fifties, economy, fours, sixes, boundaries) VALUES (83, 6, 'Abdul Basit', 'Batter', 11, NULL, 0, 0, 140, 0, 6, 0, 0, 0);
INSERT INTO players (id, team_id, name, role, jersey, photo, runs, wickets, strike_rate, fifties, economy, fours, sixes, boundaries) VALUES (84, 6, 'Sanju', 'Bowler', 88, NULL, 0, 0, 140, 0, 6, 0, 0, 0);
INSERT INTO players (id, team_id, name, role, jersey, photo, runs, wickets, strike_rate, fifties, economy, fours, sixes, boundaries) VALUES (85, 6, 'Saw Henson', 'All Rounder', 4, NULL, 0, 0, 140, 0, 6, 0, 0, 0);
INSERT INTO players (id, team_id, name, role, jersey, photo, runs, wickets, strike_rate, fifties, economy, fours, sixes, boundaries) VALUES (86, 6, 'Rajesh Kumar', 'Batter', 25, NULL, 0, 0, 140, 0, 6, 0, 0, 0);
INSERT INTO players (id, team_id, name, role, jersey, photo, runs, wickets, strike_rate, fifties, economy, fours, sixes, boundaries) VALUES (87, 6, 'Yusuf', 'Bowler', 12, NULL, 0, 0, 140, 0, 6, 0, 0, 0);
INSERT INTO players (id, team_id, name, role, jersey, photo, runs, wickets, strike_rate, fifties, economy, fours, sixes, boundaries) VALUES (88, 7, 'Paluri Veeru', 'All Rounder', 10, NULL, 0, 0, 140, 0, 6, 0, 0, 0);
INSERT INTO players (id, team_id, name, role, jersey, photo, runs, wickets, strike_rate, fifties, economy, fours, sixes, boundaries) VALUES (89, 7, 'Kittu AK', 'All Rounder', 7, NULL, 0, 0, 140, 0, 6, 0, 0, 0);
INSERT INTO players (id, team_id, name, role, jersey, photo, runs, wickets, strike_rate, fifties, economy, fours, sixes, boundaries) VALUES (90, 7, 'Ganesh Sathivada', 'All Rounder', 9, NULL, 0, 0, 140, 0, 6, 0, 0, 0);
INSERT INTO players (id, team_id, name, role, jersey, photo, runs, wickets, strike_rate, fifties, economy, fours, sixes, boundaries) VALUES (91, 7, 'Vanka Satish', 'All Rounder', 11, NULL, 0, 0, 140, 0, 6, 0, 0, 0);
INSERT INTO players (id, team_id, name, role, jersey, photo, runs, wickets, strike_rate, fifties, economy, fours, sixes, boundaries) VALUES (92, 7, 'Chitla Dinesh', 'All Rounder', 24, NULL, 0, 0, 140, 0, 6, 0, 0, 0);
INSERT INTO players (id, team_id, name, role, jersey, photo, runs, wickets, strike_rate, fifties, economy, fours, sixes, boundaries) VALUES (93, 7, 'Lingaraju', 'Batter', 45, NULL, 0, 0, 140, 0, 6, 0, 0, 0);
INSERT INTO players (id, team_id, name, role, jersey, photo, runs, wickets, strike_rate, fifties, economy, fours, sixes, boundaries) VALUES (94, 7, 'Vinay Olipilli', 'Batter', 8, NULL, 0, 0, 140, 0, 6, 0, 0, 0);
INSERT INTO players (id, team_id, name, role, jersey, photo, runs, wickets, strike_rate, fifties, economy, fours, sixes, boundaries) VALUES (95, 7, 'Hanumantha Reddy', 'Batter', 88, NULL, 0, 0, 140, 0, 6, 0, 0, 0);
INSERT INTO players (id, team_id, name, role, jersey, photo, runs, wickets, strike_rate, fifties, economy, fours, sixes, boundaries) VALUES (96, 7, 'Ravi British', 'Batter', 3, NULL, 0, 0, 140, 0, 6, 0, 0, 0);
INSERT INTO players (id, team_id, name, role, jersey, photo, runs, wickets, strike_rate, fifties, economy, fours, sixes, boundaries) VALUES (97, 7, 'Satish', 'Batter', 14, NULL, 0, 0, 140, 0, 6, 0, 0, 0);
INSERT INTO players (id, team_id, name, role, jersey, photo, runs, wickets, strike_rate, fifties, economy, fours, sixes, boundaries) VALUES (98, 7, 'Maddela Srinu', 'Batter', 22, NULL, 0, 0, 140, 0, 6, 0, 0, 0);
INSERT INTO players (id, team_id, name, role, jersey, photo, runs, wickets, strike_rate, fifties, economy, fours, sixes, boundaries) VALUES (99, 7, 'Mallikarjuna', 'Batter', 5, NULL, 0, 0, 140, 0, 6, 0, 0, 0);
INSERT INTO players (id, team_id, name, role, jersey, photo, runs, wickets, strike_rate, fifties, economy, fours, sixes, boundaries) VALUES (100, 8, 'Priyanshu Mishra', 'All Rounder', 10, NULL, 0, 0, 140, 0, 6, 0, 0, 0);
INSERT INTO players (id, team_id, name, role, jersey, photo, runs, wickets, strike_rate, fifties, economy, fours, sixes, boundaries) VALUES (101, 8, 'Tarun Kumar', 'All Rounder', 7, NULL, 0, 0, 140, 0, 6, 0, 0, 0);
INSERT INTO players (id, team_id, name, role, jersey, photo, runs, wickets, strike_rate, fifties, economy, fours, sixes, boundaries) VALUES (102, 8, 'Banti Kumar', 'All Rounder', 9, NULL, 0, 0, 140, 0, 6, 0, 0, 0);
INSERT INTO players (id, team_id, name, role, jersey, photo, runs, wickets, strike_rate, fifties, economy, fours, sixes, boundaries) VALUES (103, 8, 'Happy Kumar', 'All Rounder', 11, NULL, 0, 0, 140, 0, 6, 0, 0, 0);
INSERT INTO players (id, team_id, name, role, jersey, photo, runs, wickets, strike_rate, fifties, economy, fours, sixes, boundaries) VALUES (104, 8, 'Vivek Kumar', 'All Rounder', 24, NULL, 0, 0, 140, 0, 6, 0, 0, 0);
INSERT INTO players (id, team_id, name, role, jersey, photo, runs, wickets, strike_rate, fifties, economy, fours, sixes, boundaries) VALUES (105, 8, 'Md Sayeedur Rahman', 'All Rounder', 45, NULL, 0, 0, 140, 0, 6, 0, 0, 0);
INSERT INTO players (id, team_id, name, role, jersey, photo, runs, wickets, strike_rate, fifties, economy, fours, sixes, boundaries) VALUES (106, 8, 'Anubhav Singh', 'Batter', 8, NULL, 0, 0, 140, 0, 6, 0, 0, 0);
INSERT INTO players (id, team_id, name, role, jersey, photo, runs, wickets, strike_rate, fifties, economy, fours, sixes, boundaries) VALUES (107, 8, 'Vibhakar Bittu', 'Batter', 33, NULL, 0, 0, 140, 0, 6, 0, 0, 0);
INSERT INTO players (id, team_id, name, role, jersey, photo, runs, wickets, strike_rate, fifties, economy, fours, sixes, boundaries) VALUES (108, 8, 'Md Tanveer Ahmad', 'Batter', 3, NULL, 0, 0, 140, 0, 6, 0, 0, 0);
INSERT INTO players (id, team_id, name, role, jersey, photo, runs, wickets, strike_rate, fifties, economy, fours, sixes, boundaries) VALUES (109, 8, 'Raushan Kumar', 'Batter', 14, NULL, 0, 0, 140, 0, 6, 0, 0, 0);
INSERT INTO players (id, team_id, name, role, jersey, photo, runs, wickets, strike_rate, fifties, economy, fours, sixes, boundaries) VALUES (110, 8, 'Asad Jamali', 'Batter', 22, NULL, 0, 0, 140, 0, 6, 0, 0, 0);
INSERT INTO players (id, team_id, name, role, jersey, photo, runs, wickets, strike_rate, fifties, economy, fours, sixes, boundaries) VALUES (111, 8, 'Rehan Akhtar', 'Batter', 18, NULL, 0, 0, 140, 0, 6, 0, 0, 0);
INSERT INTO players (id, team_id, name, role, jersey, photo, runs, wickets, strike_rate, fifties, economy, fours, sixes, boundaries) VALUES (112, 8, 'Vishal Singh', 'Bowler', 5, NULL, 0, 0, 140, 0, 6, 0, 0, 0);
INSERT INTO players (id, team_id, name, role, jersey, photo, runs, wickets, strike_rate, fifties, economy, fours, sixes, boundaries) VALUES (113, 9, 'Amit Kumar', 'All Rounder', 10, NULL, 0, 0, 140, 0, 6, 0, 0, 0);
INSERT INTO players (id, team_id, name, role, jersey, photo, runs, wickets, strike_rate, fifties, economy, fours, sixes, boundaries) VALUES (114, 9, 'Prabhav Negi', 'All Rounder', 7, NULL, 0, 0, 140, 0, 6, 0, 0, 0);
INSERT INTO players (id, team_id, name, role, jersey, photo, runs, wickets, strike_rate, fifties, economy, fours, sixes, boundaries) VALUES (115, 9, 'Shivam', 'All Rounder', 9, NULL, 0, 0, 140, 0, 6, 0, 0, 0);
INSERT INTO players (id, team_id, name, role, jersey, photo, runs, wickets, strike_rate, fifties, economy, fours, sixes, boundaries) VALUES (116, 9, 'Gurjant Sekhon', 'All Rounder', 11, NULL, 0, 0, 140, 0, 6, 0, 0, 0);
INSERT INTO players (id, team_id, name, role, jersey, photo, runs, wickets, strike_rate, fifties, economy, fours, sixes, boundaries) VALUES (117, 9, 'Pradeep Kumar', 'All Rounder', 24, NULL, 0, 0, 140, 0, 6, 0, 0, 0);
INSERT INTO players (id, team_id, name, role, jersey, photo, runs, wickets, strike_rate, fifties, economy, fours, sixes, boundaries) VALUES (118, 9, 'Sahil Gairola', 'All Rounder', 45, NULL, 0, 0, 140, 0, 6, 0, 0, 0);
INSERT INTO players (id, team_id, name, role, jersey, photo, runs, wickets, strike_rate, fifties, economy, fours, sixes, boundaries) VALUES (119, 9, 'J A Uday Negi', 'All Rounder', 8, NULL, 0, 0, 140, 0, 6, 0, 0, 0);
INSERT INTO players (id, team_id, name, role, jersey, photo, runs, wickets, strike_rate, fifties, economy, fours, sixes, boundaries) VALUES (120, 9, 'Jamber', 'All Rounder', 99, NULL, 0, 0, 140, 0, 6, 0, 0, 0);
INSERT INTO players (id, team_id, name, role, jersey, photo, runs, wickets, strike_rate, fifties, economy, fours, sixes, boundaries) VALUES (121, 9, 'Sagar Rana', 'Batter', 18, NULL, 0, 0, 140, 0, 6, 0, 0, 0);
INSERT INTO players (id, team_id, name, role, jersey, photo, runs, wickets, strike_rate, fifties, economy, fours, sixes, boundaries) VALUES (122, 9, 'Akash Bisht', 'Bowler', 3, NULL, 0, 0, 140, 0, 6, 0, 0, 0);
INSERT INTO players (id, team_id, name, role, jersey, photo, runs, wickets, strike_rate, fifties, economy, fours, sixes, boundaries) VALUES (123, 9, 'Ashish Bisht', 'Bowler', 14, NULL, 0, 0, 140, 0, 6, 0, 0, 0);
INSERT INTO players (id, team_id, name, role, jersey, photo, runs, wickets, strike_rate, fifties, economy, fours, sixes, boundaries) VALUES (124, 9, 'Ajit Singh', 'Bowler', 5, NULL, 0, 0, 140, 0, 6, 0, 0, 0);
INSERT INTO players (id, team_id, name, role, jersey, photo, runs, wickets, strike_rate, fifties, economy, fours, sixes, boundaries) VALUES (125, 10, 'S Thangavel', 'All Rounder', 10, '/players/default.jpg', 0, 0, 140, 0, 6, 0, 0, 0);
INSERT INTO players (id, team_id, name, role, jersey, photo, runs, wickets, strike_rate, fifties, economy, fours, sixes, boundaries) VALUES (126, 10, 'R Elango', 'Batter', 7, '/players/default.jpg', 0, 0, 140, 0, 6, 0, 0, 0);
INSERT INTO players (id, team_id, name, role, jersey, photo, runs, wickets, strike_rate, fifties, economy, fours, sixes, boundaries) VALUES (127, 10, 'M Karthik', 'Batter', 18, '/players/default.jpg', 0, 0, 140, 0, 6, 0, 0, 0);
INSERT INTO players (id, team_id, name, role, jersey, photo, runs, wickets, strike_rate, fifties, economy, fours, sixes, boundaries) VALUES (128, 10, 'K Saravanan', 'Batter', 32, '/players/default.jpg', 0, 0, 140, 0, 6, 0, 0, 0);
INSERT INTO players (id, team_id, name, role, jersey, photo, runs, wickets, strike_rate, fifties, economy, fours, sixes, boundaries) VALUES (129, 10, 'A Vignesh', 'Batter', 24, '/players/default.jpg', 0, 0, 140, 0, 6, 0, 0, 0);
INSERT INTO players (id, team_id, name, role, jersey, photo, runs, wickets, strike_rate, fifties, economy, fours, sixes, boundaries) VALUES (130, 10, 'P Selvam', 'All Rounder', 9, '/players/default.jpg', 0, 0, 140, 0, 6, 0, 0, 0);
INSERT INTO players (id, team_id, name, role, jersey, photo, runs, wickets, strike_rate, fifties, economy, fours, sixes, boundaries) VALUES (131, 10, 'G Prakash', 'Bowler', 11, '/players/default.jpg', 0, 0, 140, 0, 6, 0, 0, 0);
INSERT INTO players (id, team_id, name, role, jersey, photo, runs, wickets, strike_rate, fifties, economy, fours, sixes, boundaries) VALUES (132, 10, 'S Kumar', 'Bowler', 8, '/players/default.jpg', 0, 0, 140, 0, 6, 0, 0, 0);
INSERT INTO players (id, team_id, name, role, jersey, photo, runs, wickets, strike_rate, fifties, economy, fours, sixes, boundaries) VALUES (133, 10, 'V Balaji', 'All Rounder', 45, '/players/default.jpg', 0, 0, 140, 0, 6, 0, 0, 0);
INSERT INTO players (id, team_id, name, role, jersey, photo, runs, wickets, strike_rate, fifties, economy, fours, sixes, boundaries) VALUES (134, 10, 'J Ramesh', 'Batter', 3, '/players/default.jpg', 0, 0, 140, 0, 6, 0, 0, 0);
INSERT INTO players (id, team_id, name, role, jersey, photo, runs, wickets, strike_rate, fifties, economy, fours, sixes, boundaries) VALUES (135, 10, 'M Hari', 'Batter', 13, '/players/default.jpg', 0, 0, 140, 0, 6, 0, 0, 0);
INSERT INTO players (id, team_id, name, role, jersey, photo, runs, wickets, strike_rate, fifties, economy, fours, sixes, boundaries) VALUES (136, 10, 'N Srinivasan', 'Bowler', 5, '/players/default.jpg', 0, 0, 140, 0, 6, 0, 0, 0);
INSERT INTO players (id, team_id, name, role, jersey, photo, runs, wickets, strike_rate, fifties, economy, fours, sixes, boundaries) VALUES (137, 10, 'K Mani', 'Batter', 99, '/players/default.jpg', 0, 0, 140, 0, 6, 0, 0, 0);
INSERT INTO players (id, team_id, name, role, jersey, photo, runs, wickets, strike_rate, fifties, economy, fours, sixes, boundaries) VALUES (138, 10, 'R Deepak', 'Batter', 2, '/players/default.jpg', 0, 0, 140, 0, 6, 0, 0, 0);
INSERT INTO players (id, team_id, name, role, jersey, photo, runs, wickets, strike_rate, fifties, economy, fours, sixes, boundaries) VALUES (139, 10, 'S Vijay', 'All Rounder', 22, '/players/default.jpg', 0, 0, 140, 0, 6, 0, 0, 0);
INSERT INTO players (id, team_id, name, role, jersey, photo, runs, wickets, strike_rate, fifties, economy, fours, sixes, boundaries) VALUES (140, 10, 'P Anand', 'Bowler', 6, '/players/default.jpg', 0, 0, 140, 0, 6, 0, 0, 0);
INSERT INTO players (id, team_id, name, role, jersey, photo, runs, wickets, strike_rate, fifties, economy, fours, sixes, boundaries) VALUES (141, 11, 'Mohammed Asif', 'Batter', 10, '/players/default.jpg', 0, 0, 140, 0, 6, 0, 0, 0);
INSERT INTO players (id, team_id, name, role, jersey, photo, runs, wickets, strike_rate, fifties, economy, fours, sixes, boundaries) VALUES (142, 11, 'Sayed Koya', 'Batter', 7, '/players/default.jpg', 0, 0, 140, 0, 6, 0, 0, 0);
INSERT INTO players (id, team_id, name, role, jersey, photo, runs, wickets, strike_rate, fifties, economy, fours, sixes, boundaries) VALUES (143, 11, 'Abdul Kader', 'Batter', 18, '/players/default.jpg', 0, 0, 140, 0, 6, 0, 0, 0);
INSERT INTO players (id, team_id, name, role, jersey, photo, runs, wickets, strike_rate, fifties, economy, fours, sixes, boundaries) VALUES (144, 11, 'Cheriya Koya', 'Batter', 32, '/players/default.jpg', 0, 0, 140, 0, 6, 0, 0, 0);
INSERT INTO players (id, team_id, name, role, jersey, photo, runs, wickets, strike_rate, fifties, economy, fours, sixes, boundaries) VALUES (145, 11, 'Mohammed Koya', 'Batter', 24, '/players/default.jpg', 0, 0, 140, 0, 6, 0, 0, 0);
INSERT INTO players (id, team_id, name, role, jersey, photo, runs, wickets, strike_rate, fifties, economy, fours, sixes, boundaries) VALUES (146, 11, 'Hassan Bhai', 'All Rounder', 9, '/players/default.jpg', 0, 0, 140, 0, 6, 0, 0, 0);
INSERT INTO players (id, team_id, name, role, jersey, photo, runs, wickets, strike_rate, fifties, economy, fours, sixes, boundaries) VALUES (147, 11, 'Bichu Koya', 'Bowler', 11, '/players/default.jpg', 0, 0, 140, 0, 6, 0, 0, 0);
INSERT INTO players (id, team_id, name, role, jersey, photo, runs, wickets, strike_rate, fifties, economy, fours, sixes, boundaries) VALUES (148, 11, 'Ali Manikfan', 'Bowler', 8, '/players/default.jpg', 0, 0, 140, 0, 6, 0, 0, 0);
INSERT INTO players (id, team_id, name, role, jersey, photo, runs, wickets, strike_rate, fifties, economy, fours, sixes, boundaries) VALUES (149, 11, 'Attakoya M', 'All Rounder', 45, '/players/default.jpg', 0, 0, 140, 0, 6, 0, 0, 0);
INSERT INTO players (id, team_id, name, role, jersey, photo, runs, wickets, strike_rate, fifties, economy, fours, sixes, boundaries) VALUES (150, 11, 'Pookoya Khan', 'Batter', 3, '/players/default.jpg', 0, 0, 140, 0, 6, 0, 0, 0);
INSERT INTO players (id, team_id, name, role, jersey, photo, runs, wickets, strike_rate, fifties, economy, fours, sixes, boundaries) VALUES (151, 11, 'Kallabi Mohammed', 'Batter', 13, '/players/default.jpg', 0, 0, 140, 0, 6, 0, 0, 0);
INSERT INTO players (id, team_id, name, role, jersey, photo, runs, wickets, strike_rate, fifties, economy, fours, sixes, boundaries) VALUES (152, 11, 'Muthukoya B', 'Bowler', 5, '/players/default.jpg', 0, 0, 140, 0, 6, 0, 0, 0);
INSERT INTO players (id, team_id, name, role, jersey, photo, runs, wickets, strike_rate, fifties, economy, fours, sixes, boundaries) VALUES (153, 11, 'Secunder Badu', 'Batter', 99, '/players/default.jpg', 0, 0, 140, 0, 6, 0, 0, 0);
INSERT INTO players (id, team_id, name, role, jersey, photo, runs, wickets, strike_rate, fifties, economy, fours, sixes, boundaries) VALUES (154, 11, 'Imbichikoya', 'Batter', 1, '/players/default.jpg', 0, 0, 140, 0, 6, 0, 0, 0);
INSERT INTO players (id, team_id, name, role, jersey, photo, runs, wickets, strike_rate, fifties, economy, fours, sixes, boundaries) VALUES (155, 11, 'Nallakoya P', 'All Rounder', 22, '/players/default.jpg', 0, 0, 140, 0, 6, 0, 0, 0);
INSERT INTO players (id, team_id, name, role, jersey, photo, runs, wickets, strike_rate, fifties, economy, fours, sixes, boundaries) VALUES (156, 11, 'Kasmi Koya', 'Bowler', 6, '/players/default.jpg', 0, 0, 140, 0, 6, 0, 0, 0);
INSERT INTO players (id, team_id, name, role, jersey, photo, runs, wickets, strike_rate, fifties, economy, fours, sixes, boundaries) VALUES (157, 12, 'Tenzing Namgyal', 'Batter', 10, '/players/default.jpg', 0, 0, 140, 0, 6, 0, 0, 0);
INSERT INTO players (id, team_id, name, role, jersey, photo, runs, wickets, strike_rate, fifties, economy, fours, sixes, boundaries) VALUES (158, 12, 'Rongsen Ao', 'Batter', 7, '/players/default.jpg', 0, 0, 140, 0, 6, 0, 0, 0);
INSERT INTO players (id, team_id, name, role, jersey, photo, runs, wickets, strike_rate, fifties, economy, fours, sixes, boundaries) VALUES (159, 12, 'Lalrinzuala', 'Batter', 18, '/players/default.jpg', 0, 0, 140, 0, 6, 0, 0, 0);
INSERT INTO players (id, team_id, name, role, jersey, photo, runs, wickets, strike_rate, fifties, economy, fours, sixes, boundaries) VALUES (160, 12, 'Kito Sukhalu', 'Batter', 32, '/players/default.jpg', 0, 0, 140, 0, 6, 0, 0, 0);
INSERT INTO players (id, team_id, name, role, jersey, photo, runs, wickets, strike_rate, fifties, economy, fours, sixes, boundaries) VALUES (161, 12, 'Pema Wangchuk', 'Batter', 24, '/players/default.jpg', 0, 0, 140, 0, 6, 0, 0, 0);
INSERT INTO players (id, team_id, name, role, jersey, photo, runs, wickets, strike_rate, fifties, economy, fours, sixes, boundaries) VALUES (162, 12, 'Zoramthanga', 'All Rounder', 9, '/players/default.jpg', 0, 0, 140, 0, 6, 0, 0, 0);
INSERT INTO players (id, team_id, name, role, jersey, photo, runs, wickets, strike_rate, fifties, economy, fours, sixes, boundaries) VALUES (163, 12, 'Imtienjam', 'Bowler', 11, '/players/default.jpg', 0, 0, 140, 0, 6, 0, 0, 0);
INSERT INTO players (id, team_id, name, role, jersey, photo, runs, wickets, strike_rate, fifties, economy, fours, sixes, boundaries) VALUES (164, 12, 'Thangboi Haokip', 'Bowler', 8, '/players/default.jpg', 0, 0, 140, 0, 6, 0, 0, 0);
INSERT INTO players (id, team_id, name, role, jersey, photo, runs, wickets, strike_rate, fifties, economy, fours, sixes, boundaries) VALUES (165, 12, 'Sanajaoba Singh', 'All Rounder', 45, '/players/default.jpg', 0, 0, 140, 0, 6, 0, 0, 0);
INSERT INTO players (id, team_id, name, role, jersey, photo, runs, wickets, strike_rate, fifties, economy, fours, sixes, boundaries) VALUES (166, 12, 'Kaling Anyie', 'Batter', 3, '/players/default.jpg', 0, 0, 140, 0, 6, 0, 0, 0);
INSERT INTO players (id, team_id, name, role, jersey, photo, runs, wickets, strike_rate, fifties, economy, fours, sixes, boundaries) VALUES (167, 12, 'Wangghing', 'Batter', 13, '/players/default.jpg', 0, 0, 140, 0, 6, 0, 0, 0);
INSERT INTO players (id, team_id, name, role, jersey, photo, runs, wickets, strike_rate, fifties, economy, fours, sixes, boundaries) VALUES (168, 12, 'Lalthlamuana', 'Bowler', 5, '/players/default.jpg', 0, 0, 140, 0, 6, 0, 0, 0);
INSERT INTO players (id, team_id, name, role, jersey, photo, runs, wickets, strike_rate, fifties, economy, fours, sixes, boundaries) VALUES (169, 12, 'Chinglen Sana', 'Batter', 99, '/players/default.jpg', 0, 0, 140, 0, 6, 0, 0, 0);
INSERT INTO players (id, team_id, name, role, jersey, photo, runs, wickets, strike_rate, fifties, economy, fours, sixes, boundaries) VALUES (170, 12, 'Tage Taming', 'Batter', 4, '/players/default.jpg', 0, 0, 140, 0, 6, 0, 0, 0);
INSERT INTO players (id, team_id, name, role, jersey, photo, runs, wickets, strike_rate, fifties, economy, fours, sixes, boundaries) VALUES (171, 12, 'Monalisa Sangma', 'All Rounder', 22, '/players/default.jpg', 0, 0, 140, 0, 6, 0, 0, 0);
INSERT INTO players (id, team_id, name, role, jersey, photo, runs, wickets, strike_rate, fifties, economy, fours, sixes, boundaries) VALUES (172, 12, 'Dorjee Khandu', 'Bowler', 6, '/players/default.jpg', 0, 0, 140, 0, 6, 0, 0, 0);
INSERT INTO players (id, team_id, name, role, jersey, photo, runs, wickets, strike_rate, fifties, economy, fours, sixes, boundaries) VALUES (173, 13, 'Vinay Bhushan', 'All Rounder', 10, '/players/vinay-b.jpg', 0, 0, 140, 0, 6, 0, 0, 0);
INSERT INTO players (id, team_id, name, role, jersey, photo, runs, wickets, strike_rate, fifties, economy, fours, sixes, boundaries) VALUES (174, 13, 'Aziz Mohmad', 'All Rounder', 23, '/players/aziz-m.jpg', 0, 0, 140, 0, 6, 0, 0, 0);
INSERT INTO players (id, team_id, name, role, jersey, photo, runs, wickets, strike_rate, fifties, economy, fours, sixes, boundaries) VALUES (175, 13, 'Raman Saini', 'Batter', 7, '/players/raman-s.jpg', 0, 0, 140, 0, 6, 0, 0, 0);
INSERT INTO players (id, team_id, name, role, jersey, photo, runs, wickets, strike_rate, fifties, economy, fours, sixes, boundaries) VALUES (176, 13, 'Akshit Mehta', 'All Rounder', 11, '/players/akshit-m.jpg', 0, 0, 140, 0, 6, 0, 0, 0);
INSERT INTO players (id, team_id, name, role, jersey, photo, runs, wickets, strike_rate, fifties, economy, fours, sixes, boundaries) VALUES (177, 13, 'Hardeep K (Deepu)', 'Batter', 35, '/players/hardeep-k.jpg', 0, 0, 140, 0, 6, 0, 0, 0);
INSERT INTO players (id, team_id, name, role, jersey, photo, runs, wickets, strike_rate, fifties, economy, fours, sixes, boundaries) VALUES (178, 13, 'Bhajan Lal', 'Batter', 9, '/players/bhajan-l.jpg', 0, 0, 140, 0, 6, 0, 0, 0);
INSERT INTO players (id, team_id, name, role, jersey, photo, runs, wickets, strike_rate, fifties, economy, fours, sixes, boundaries) VALUES (179, 13, 'Bhupinder', 'Batter', 18, '/players/bhupinder.jpg', 0, 0, 140, 0, 6, 0, 0, 0);
INSERT INTO players (id, team_id, name, role, jersey, photo, runs, wickets, strike_rate, fifties, economy, fours, sixes, boundaries) VALUES (180, 13, 'Jaswant Singh', 'Bowler', 8, '/players/jaswant-s.jpg', 0, 0, 140, 0, 6, 0, 0, 0);
INSERT INTO players (id, team_id, name, role, jersey, photo, runs, wickets, strike_rate, fifties, economy, fours, sixes, boundaries) VALUES (181, 13, 'Sahil Khan', 'Bowler', 45, '/players/sahil-k.jpg', 0, 0, 140, 0, 6, 0, 0, 0);
INSERT INTO players (id, team_id, name, role, jersey, photo, runs, wickets, strike_rate, fifties, economy, fours, sixes, boundaries) VALUES (182, 13, 'Ishwar Dass', 'Bowler', 5, '/players/ishwar-d.jpg', 0, 0, 140, 0, 6, 0, 0, 0);
INSERT INTO players (id, team_id, name, role, jersey, photo, runs, wickets, strike_rate, fifties, economy, fours, sixes, boundaries) VALUES (183, 13, 'Mohinder Pal', 'Batter', 14, '/players/mohinder-p.jpg', 0, 0, 140, 0, 6, 0, 0, 0);
INSERT INTO players (id, team_id, name, role, jersey, photo, runs, wickets, strike_rate, fifties, economy, fours, sixes, boundaries) VALUES (184, 13, 'Suraj Kumar', 'Bowler', 3, '/players/suraj-k.jpg', 0, 0, 140, 0, 6, 0, 0, 0);
INSERT INTO players (id, team_id, name, role, jersey, photo, runs, wickets, strike_rate, fifties, economy, fours, sixes, boundaries) VALUES (185, 13, 'Anil Sharma', 'Batter', 22, '/players/default.jpg', 0, 0, 140, 0, 6, 0, 0, 0);
INSERT INTO players (id, team_id, name, role, jersey, photo, runs, wickets, strike_rate, fifties, economy, fours, sixes, boundaries) VALUES (186, 13, 'Rakesh Kumar', 'Bowler', 12, '/players/default.jpg', 0, 0, 140, 0, 6, 0, 0, 0);
INSERT INTO players (id, team_id, name, role, jersey, photo, runs, wickets, strike_rate, fifties, economy, fours, sixes, boundaries) VALUES (187, 13, 'Vikram Singh', 'All Rounder', 17, '/players/default.jpg', 0, 0, 140, 0, 6, 0, 0, 0);
INSERT INTO players (id, team_id, name, role, jersey, photo, runs, wickets, strike_rate, fifties, economy, fours, sixes, boundaries) VALUES (188, 13, 'Sanjeev Kumar', 'Batter', 99, '/players/default.jpg', 0, 0, 140, 0, 6, 0, 0, 0);
INSERT INTO players (id, team_id, name, role, jersey, photo, runs, wickets, strike_rate, fifties, economy, fours, sixes, boundaries) VALUES (189, 14, 'Shantanu Das', 'Batter', 10, '/players/shantanu-d.jpg', 131, 0, 140, 1, 6, 12, 0, 15);
INSERT INTO players (id, team_id, name, role, jersey, photo, runs, wickets, strike_rate, fifties, economy, fours, sixes, boundaries) VALUES (190, 14, 'Ayan Borah', 'All Rounder', 7, '/players/default.jpg', 0, 0, 140, 0, 6, 0, 0, 0);
INSERT INTO players (id, team_id, name, role, jersey, photo, runs, wickets, strike_rate, fifties, economy, fours, sixes, boundaries) VALUES (191, 14, 'Nayan Jyoti', 'Batter', 18, '/players/default.jpg', 0, 0, 140, 0, 6, 0, 0, 0);
INSERT INTO players (id, team_id, name, role, jersey, photo, runs, wickets, strike_rate, fifties, economy, fours, sixes, boundaries) VALUES (192, 14, 'Prabal Sarma', 'Batter', 32, '/players/default.jpg', 0, 0, 140, 0, 6, 0, 0, 0);
INSERT INTO players (id, team_id, name, role, jersey, photo, runs, wickets, strike_rate, fifties, economy, fours, sixes, boundaries) VALUES (193, 14, 'Debojit Saikia', 'Bowler', 8, '/players/default.jpg', 0, 0, 140, 0, 6, 0, 0, 0);
INSERT INTO players (id, team_id, name, role, jersey, photo, runs, wickets, strike_rate, fifties, economy, fours, sixes, boundaries) VALUES (194, 14, 'Manash Gogoi', 'All Rounder', 9, '/players/default.jpg', 0, 0, 140, 0, 6, 0, 0, 0);
INSERT INTO players (id, team_id, name, role, jersey, photo, runs, wickets, strike_rate, fifties, economy, fours, sixes, boundaries) VALUES (195, 14, 'Bikram Chetri', 'Bowler', 11, '/players/default.jpg', 0, 0, 140, 0, 6, 0, 0, 0);
INSERT INTO players (id, team_id, name, role, jersey, photo, runs, wickets, strike_rate, fifties, economy, fours, sixes, boundaries) VALUES (196, 14, 'Rahul Hazarika', 'Batter', 24, '/players/default.jpg', 0, 0, 140, 0, 6, 0, 0, 0);
INSERT INTO players (id, team_id, name, role, jersey, photo, runs, wickets, strike_rate, fifties, economy, fours, sixes, boundaries) VALUES (197, 14, 'Pallav Das', 'All Rounder', 45, '/players/default.jpg', 0, 0, 140, 0, 6, 0, 0, 0);
INSERT INTO players (id, team_id, name, role, jersey, photo, runs, wickets, strike_rate, fifties, economy, fours, sixes, boundaries) VALUES (198, 14, 'Swarupam Purkayastha', 'Batter', 3, '/players/default.jpg', 0, 0, 140, 0, 6, 0, 0, 0);
INSERT INTO players (id, team_id, name, role, jersey, photo, runs, wickets, strike_rate, fifties, economy, fours, sixes, boundaries) VALUES (199, 14, 'Jitumoni Kalita', 'Bowler', 5, '/players/default.jpg', 0, 0, 140, 0, 6, 0, 0, 0);
INSERT INTO players (id, team_id, name, role, jersey, photo, runs, wickets, strike_rate, fifties, economy, fours, sixes, boundaries) VALUES (200, 14, 'Mukhtar Hussain', 'Bowler', 13, '/players/default.jpg', 0, 0, 140, 0, 6, 0, 0, 0);
INSERT INTO players (id, team_id, name, role, jersey, photo, runs, wickets, strike_rate, fifties, economy, fours, sixes, boundaries) VALUES (201, 14, 'Mrinmoy Dutta', 'Bowler', 22, '/players/default.jpg', 0, 0, 140, 0, 6, 0, 0, 0);
INSERT INTO players (id, team_id, name, role, jersey, photo, runs, wickets, strike_rate, fifties, economy, fours, sixes, boundaries) VALUES (202, 14, 'Riyan Parag', 'All Rounder', 99, '/players/default.jpg', 0, 0, 140, 0, 6, 0, 0, 0);
INSERT INTO players (id, team_id, name, role, jersey, photo, runs, wickets, strike_rate, fifties, economy, fours, sixes, boundaries) VALUES (203, 14, 'Saahil Jain', 'Batter', 4, '/players/default.jpg', 0, 0, 140, 0, 6, 0, 0, 0);
INSERT INTO players (id, team_id, name, role, jersey, photo, runs, wickets, strike_rate, fifties, economy, fours, sixes, boundaries) VALUES (204, 14, 'Wasiqur Rahman', 'Batter', 1, '/players/default.jpg', 0, 0, 140, 0, 6, 0, 0, 0);
INSERT INTO players (id, team_id, name, role, jersey, photo, runs, wickets, strike_rate, fifties, economy, fours, sixes, boundaries) VALUES (205, 15, 'Saurabh Tiwary', 'Batter', 10, '/players/default.jpg', 0, 0, 140, 0, 6, 0, 0, 0);
INSERT INTO players (id, team_id, name, role, jersey, photo, runs, wickets, strike_rate, fifties, economy, fours, sixes, boundaries) VALUES (206, 15, 'Ishan Kishan', 'Batter', 7, '/players/default.jpg', 0, 0, 140, 0, 6, 0, 0, 0);
INSERT INTO players (id, team_id, name, role, jersey, photo, runs, wickets, strike_rate, fifties, economy, fours, sixes, boundaries) VALUES (207, 15, 'Kumar Deobrat', 'Batter', 18, '/players/default.jpg', 0, 0, 140, 0, 6, 0, 0, 0);
INSERT INTO players (id, team_id, name, role, jersey, photo, runs, wickets, strike_rate, fifties, economy, fours, sixes, boundaries) VALUES (208, 15, 'Anukul Roy', 'All Rounder', 9, '/players/default.jpg', 0, 0, 140, 0, 6, 0, 0, 0);
INSERT INTO players (id, team_id, name, role, jersey, photo, runs, wickets, strike_rate, fifties, economy, fours, sixes, boundaries) VALUES (209, 15, 'Shahbaz Nadeem', 'Bowler', 8, '/players/default.jpg', 0, 0, 140, 0, 6, 0, 0, 0);
INSERT INTO players (id, team_id, name, role, jersey, photo, runs, wickets, strike_rate, fifties, economy, fours, sixes, boundaries) VALUES (210, 15, 'Utkarsh Singh', 'All Rounder', 24, '/players/default.jpg', 0, 0, 140, 0, 6, 0, 0, 0);
INSERT INTO players (id, team_id, name, role, jersey, photo, runs, wickets, strike_rate, fifties, economy, fours, sixes, boundaries) VALUES (211, 15, 'Monu Kumar', 'Bowler', 11, '/players/default.jpg', 0, 0, 140, 0, 6, 0, 0, 0);
INSERT INTO players (id, team_id, name, role, jersey, photo, runs, wickets, strike_rate, fifties, economy, fours, sixes, boundaries) VALUES (212, 15, 'Virat Singh', 'Batter', 32, '/players/default.jpg', 0, 0, 140, 0, 6, 0, 0, 0);
INSERT INTO players (id, team_id, name, role, jersey, photo, runs, wickets, strike_rate, fifties, economy, fours, sixes, boundaries) VALUES (213, 15, 'Nazim Siddiqui', 'Batter', 45, '/players/default.jpg', 0, 0, 140, 0, 6, 0, 0, 0);
INSERT INTO players (id, team_id, name, role, jersey, photo, runs, wickets, strike_rate, fifties, economy, fours, sixes, boundaries) VALUES (214, 15, 'Supriyo Chakraborty', 'Bowler', 5, '/players/default.jpg', 0, 0, 140, 0, 6, 0, 0, 0);
INSERT INTO players (id, team_id, name, role, jersey, photo, runs, wickets, strike_rate, fifties, economy, fours, sixes, boundaries) VALUES (215, 15, 'Pankaj Kumar', 'Batter', 3, '/players/default.jpg', 0, 0, 140, 0, 6, 0, 0, 0);
INSERT INTO players (id, team_id, name, role, jersey, photo, runs, wickets, strike_rate, fifties, economy, fours, sixes, boundaries) VALUES (216, 15, 'Vikash Singh', 'All Rounder', 13, '/players/default.jpg', 0, 0, 140, 0, 6, 0, 0, 0);
INSERT INTO players (id, team_id, name, role, jersey, photo, runs, wickets, strike_rate, fifties, economy, fours, sixes, boundaries) VALUES (217, 15, 'Ashish Kumar', 'Bowler', 22, '/players/default.jpg', 0, 0, 140, 0, 6, 0, 0, 0);
INSERT INTO players (id, team_id, name, role, jersey, photo, runs, wickets, strike_rate, fifties, economy, fours, sixes, boundaries) VALUES (218, 15, 'Rahul Shukla', 'Bowler', 6, '/players/default.jpg', 0, 0, 140, 0, 6, 0, 0, 0);
INSERT INTO players (id, team_id, name, role, jersey, photo, runs, wickets, strike_rate, fifties, economy, fours, sixes, boundaries) VALUES (219, 15, 'Ronit Singh', 'All Rounder', 17, '/players/default.jpg', 0, 0, 140, 0, 6, 0, 0, 0);
INSERT INTO players (id, team_id, name, role, jersey, photo, runs, wickets, strike_rate, fifties, economy, fours, sixes, boundaries) VALUES (220, 15, 'Aditya Singh', 'Batter', 99, '/players/default.jpg', 0, 0, 140, 0, 6, 0, 0, 0);
INSERT INTO players (id, team_id, name, role, jersey, photo, runs, wickets, strike_rate, fifties, economy, fours, sixes, boundaries) VALUES (221, 16, 'Afrid Sayyad', 'All Rounder', 10, '/players/default.jpg', 0, 0, 140, 0, 4.98, 0, 0, 0);
INSERT INTO players (id, team_id, name, role, jersey, photo, runs, wickets, strike_rate, fifties, economy, fours, sixes, boundaries) VALUES (222, 16, 'Manthan Ram', 'Bowler', 7, '/players/default.jpg', 0, 17, 140, 0, 6, 0, 0, 0);
INSERT INTO players (id, team_id, name, role, jersey, photo, runs, wickets, strike_rate, fifties, economy, fours, sixes, boundaries) VALUES (223, 16, 'Deepak Kumar', 'Batter', 18, '/players/default.jpg', 0, 0, 140, 0, 6, 0, 0, 0);
INSERT INTO players (id, team_id, name, role, jersey, photo, runs, wickets, strike_rate, fifties, economy, fours, sixes, boundaries) VALUES (224, 16, 'Pranesh Naik', 'Batter', 32, '/players/default.jpg', 0, 0, 140, 0, 6, 0, 0, 0);
INSERT INTO players (id, team_id, name, role, jersey, photo, runs, wickets, strike_rate, fifties, economy, fours, sixes, boundaries) VALUES (225, 16, 'Aniket Desai', 'All Rounder', 9, '/players/default.jpg', 0, 0, 140, 0, 6, 0, 0, 0);
INSERT INTO players (id, team_id, name, role, jersey, photo, runs, wickets, strike_rate, fifties, economy, fours, sixes, boundaries) VALUES (226, 16, 'Rohit Rane', 'Bowler', 11, '/players/default.jpg', 0, 0, 140, 0, 6, 0, 0, 0);
INSERT INTO players (id, team_id, name, role, jersey, photo, runs, wickets, strike_rate, fifties, economy, fours, sixes, boundaries) VALUES (227, 16, 'Sairaj Gawde', 'Batter', 24, '/players/default.jpg', 0, 0, 140, 0, 6, 0, 0, 0);
INSERT INTO players (id, team_id, name, role, jersey, photo, runs, wickets, strike_rate, fifties, economy, fours, sixes, boundaries) VALUES (228, 16, 'Yash Gaonkar', 'Bowler', 8, '/players/default.jpg', 0, 0, 140, 0, 6, 0, 0, 0);
INSERT INTO players (id, team_id, name, role, jersey, photo, runs, wickets, strike_rate, fifties, economy, fours, sixes, boundaries) VALUES (229, 16, 'Shubham Fernandes', 'All Rounder', 45, '/players/default.jpg', 0, 0, 140, 0, 6, 0, 0, 0);
INSERT INTO players (id, team_id, name, role, jersey, photo, runs, wickets, strike_rate, fifties, economy, fours, sixes, boundaries) VALUES (230, 16, 'Gaurav Prabhu', 'Batter', 3, '/players/default.jpg', 0, 0, 140, 0, 6, 0, 0, 0);
INSERT INTO players (id, team_id, name, role, jersey, photo, runs, wickets, strike_rate, fifties, economy, fours, sixes, boundaries) VALUES (231, 16, 'Vikas Gawas', 'Bowler', 5, '/players/default.jpg', 0, 0, 140, 0, 6, 0, 0, 0);
INSERT INTO players (id, team_id, name, role, jersey, photo, runs, wickets, strike_rate, fifties, economy, fours, sixes, boundaries) VALUES (232, 16, 'Sahil Sawant', 'Batter', 13, '/players/default.jpg', 0, 0, 140, 0, 6, 0, 0, 0);
INSERT INTO players (id, team_id, name, role, jersey, photo, runs, wickets, strike_rate, fifties, economy, fours, sixes, boundaries) VALUES (233, 16, 'Nitin Shirodkar', 'Batter', 99, '/players/default.jpg', 0, 0, 140, 0, 6, 0, 0, 0);
INSERT INTO players (id, team_id, name, role, jersey, photo, runs, wickets, strike_rate, fifties, economy, fours, sixes, boundaries) VALUES (234, 16, 'Amit Naik', 'Bowler', 6, '/players/default.jpg', 0, 0, 140, 0, 6, 0, 0, 0);
INSERT INTO players (id, team_id, name, role, jersey, photo, runs, wickets, strike_rate, fifties, economy, fours, sixes, boundaries) VALUES (235, 16, 'Siddhesh Borges', 'All Rounder', 22, '/players/default.jpg', 0, 0, 140, 0, 6, 0, 0, 0);
INSERT INTO players (id, team_id, name, role, jersey, photo, runs, wickets, strike_rate, fifties, economy, fours, sixes, boundaries) VALUES (236, 16, 'Rahul Chari', 'Batter', 14, '/players/default.jpg', 0, 0, 140, 0, 6, 0, 0, 0);
INSERT INTO players (id, team_id, name, role, jersey, photo, runs, wickets, strike_rate, fifties, economy, fours, sixes, boundaries) VALUES (237, 17, 'Shantanu Das', 'Batter', 10, '/players/default.jpg', 131, 0, 140, 1, 6, 12, 0, 15);
INSERT INTO players (id, team_id, name, role, jersey, photo, runs, wickets, strike_rate, fifties, economy, fours, sixes, boundaries) VALUES (238, 17, 'Debashis Patasani', 'Batter', 61, '/players/default.jpg', 0, 0, 140, 0, 6, 0, 0, 0);
INSERT INTO players (id, team_id, name, role, jersey, photo, runs, wickets, strike_rate, fifties, economy, fours, sixes, boundaries) VALUES (239, 17, 'Sachin Mukhi', 'All Rounder', 38, '/players/default.jpg', 0, 0, 140, 0, 6, 0, 0, 0);
INSERT INTO players (id, team_id, name, role, jersey, photo, runs, wickets, strike_rate, fifties, economy, fours, sixes, boundaries) VALUES (240, 17, 'Rohit Nanda', 'Batter', 11, '/players/default.jpg', 0, 0, 140, 0, 6, 0, 0, 0);
INSERT INTO players (id, team_id, name, role, jersey, photo, runs, wickets, strike_rate, fifties, economy, fours, sixes, boundaries) VALUES (241, 17, 'Manoj Behera', 'All Rounder', 9, '/players/default.jpg', 0, 0, 140, 0, 6, 0, 0, 0);
INSERT INTO players (id, team_id, name, role, jersey, photo, runs, wickets, strike_rate, fifties, economy, fours, sixes, boundaries) VALUES (242, 17, 'Subham Behera', 'Bowler', 5, '/players/default.jpg', 0, 0, 140, 0, 6, 0, 0, 0);
INSERT INTO players (id, team_id, name, role, jersey, photo, runs, wickets, strike_rate, fifties, economy, fours, sixes, boundaries) VALUES (243, 17, 'Kundu', 'Bowler', 8, '/players/default.jpg', 0, 0, 140, 0, 6, 0, 0, 0);
INSERT INTO players (id, team_id, name, role, jersey, photo, runs, wickets, strike_rate, fifties, economy, fours, sixes, boundaries) VALUES (244, 17, 'Pappu Yadav', 'Bowler', 11, '/players/default.jpg', 0, 0, 140, 0, 6, 0, 0, 0);
INSERT INTO players (id, team_id, name, role, jersey, photo, runs, wickets, strike_rate, fifties, economy, fours, sixes, boundaries) VALUES (245, 17, 'Bhabani Shankar', 'All Rounder', 7, '/players/default.jpg', 0, 0, 140, 0, 6, 0, 0, 0);
INSERT INTO players (id, team_id, name, role, jersey, photo, runs, wickets, strike_rate, fifties, economy, fours, sixes, boundaries) VALUES (246, 17, 'P Sudarsan Reddy', 'All Rounder', 3, '/players/default.jpg', 0, 0, 140, 0, 6, 0, 0, 0);
INSERT INTO players (id, team_id, name, role, jersey, photo, runs, wickets, strike_rate, fifties, economy, fours, sixes, boundaries) VALUES (247, 17, 'Liladhar Pradhan', 'All Rounder', 22, '/players/default.jpg', 0, 0, 140, 0, 6, 0, 0, 0);
INSERT INTO players (id, team_id, name, role, jersey, photo, runs, wickets, strike_rate, fifties, economy, fours, sixes, boundaries) VALUES (248, 17, 'Anshuman Patra', 'Bowler', 24, '/players/default.jpg', 0, 0, 140, 0, 6, 0, 0, 0);
INSERT INTO players (id, team_id, name, role, jersey, photo, runs, wickets, strike_rate, fifties, economy, fours, sixes, boundaries) VALUES (249, 17, 'Abhisek Sahoo', 'Batter', 18, '/players/default.jpg', 0, 0, 140, 0, 6, 0, 0, 0);
INSERT INTO players (id, team_id, name, role, jersey, photo, runs, wickets, strike_rate, fifties, economy, fours, sixes, boundaries) VALUES (250, 17, 'Ganish Sethi', 'Batter', 45, '/players/default.jpg', 0, 0, 140, 0, 6, 0, 0, 0);
INSERT INTO players (id, team_id, name, role, jersey, photo, runs, wickets, strike_rate, fifties, economy, fours, sixes, boundaries) VALUES (251, 17, 'Aslam Khan', 'Batter', 13, '/players/default.jpg', 0, 0, 140, 0, 6, 0, 0, 0);
INSERT INTO players (id, team_id, name, role, jersey, photo, runs, wickets, strike_rate, fifties, economy, fours, sixes, boundaries) VALUES (252, 17, 'Soner Murmu', 'All Rounder', 99, '/players/default.jpg', 0, 0, 140, 0, 6, 0, 0, 0);
INSERT INTO players (id, team_id, name, role, jersey, photo, runs, wickets, strike_rate, fifties, economy, fours, sixes, boundaries) VALUES (253, 18, 'B N Lakshmi Sagar', 'Batter', 1, '/players/default.jpg', 0, 0, 140, 0, 6, 0, 0, 0);
INSERT INTO players (id, team_id, name, role, jersey, photo, runs, wickets, strike_rate, fifties, economy, fours, sixes, boundaries) VALUES (254, 18, 'Ashok Mendis', 'Batter', 60, '/players/default.jpg', 0, 0, 140, 0, 6, 0, 0, 0);
INSERT INTO players (id, team_id, name, role, jersey, photo, runs, wickets, strike_rate, fifties, economy, fours, sixes, boundaries) VALUES (255, 18, 'Muttu Nayak', 'Batter', 19, '/players/default.jpg', 0, 0, 140, 0, 6, 0, 0, 0);
INSERT INTO players (id, team_id, name, role, jersey, photo, runs, wickets, strike_rate, fifties, economy, fours, sixes, boundaries) VALUES (256, 18, 'Arshad Bajal', 'Batter', 9, '/players/default.jpg', 0, 0, 140, 0, 6, 0, 0, 0);
INSERT INTO players (id, team_id, name, role, jersey, photo, runs, wickets, strike_rate, fifties, economy, fours, sixes, boundaries) VALUES (257, 18, 'Santosh Lefty', 'Batter', 18, '/players/default.jpg', 0, 0, 140, 0, 6, 0, 0, 0);
INSERT INTO players (id, team_id, name, role, jersey, photo, runs, wickets, strike_rate, fifties, economy, fours, sixes, boundaries) VALUES (258, 18, 'Mainu', 'All Rounder', 2, '/players/default.jpg', 0, 0, 140, 0, 6, 0, 0, 0);
INSERT INTO players (id, team_id, name, role, jersey, photo, runs, wickets, strike_rate, fifties, economy, fours, sixes, boundaries) VALUES (259, 18, 'Lokesh Puttur', 'All Rounder', 24, '/players/default.jpg', 0, 0, 140, 0, 6, 0, 0, 0);
INSERT INTO players (id, team_id, name, role, jersey, photo, runs, wickets, strike_rate, fifties, economy, fours, sixes, boundaries) VALUES (260, 18, 'Rabbani Dafedar', 'All Rounder', 11, '/players/default.jpg', 0, 12, 140, 0, 6, 0, 0, 0);
INSERT INTO players (id, team_id, name, role, jersey, photo, runs, wickets, strike_rate, fifties, economy, fours, sixes, boundaries) VALUES (261, 18, 'Khaja', 'Bowler', 5, '/players/default.jpg', 0, 0, 140, 0, 6, 0, 0, 0);
INSERT INTO players (id, team_id, name, role, jersey, photo, runs, wickets, strike_rate, fifties, economy, fours, sixes, boundaries) VALUES (262, 18, 'Habib Khan', 'All Rounder', 8, '/players/default.jpg', 0, 0, 140, 0, 6, 0, 0, 0);
INSERT INTO players (id, team_id, name, role, jersey, photo, runs, wickets, strike_rate, fifties, economy, fours, sixes, boundaries) VALUES (263, 18, 'Krishna', 'Batter', 45, '/players/default.jpg', 0, 0, 140, 0, 6, 0, 0, 0);
INSERT INTO players (id, team_id, name, role, jersey, photo, runs, wickets, strike_rate, fifties, economy, fours, sixes, boundaries) VALUES (264, 18, 'Pradeep (Deepu)', 'Batter', 3, '/players/default.jpg', 0, 0, 140, 0, 6, 0, 0, 0);
INSERT INTO players (id, team_id, name, role, jersey, photo, runs, wickets, strike_rate, fifties, economy, fours, sixes, boundaries) VALUES (265, 18, 'Danish Mohd', 'All Rounder', 7, '/players/default.jpg', 0, 0, 140, 0, 6, 0, 0, 0);
INSERT INTO players (id, team_id, name, role, jersey, photo, runs, wickets, strike_rate, fifties, economy, fours, sixes, boundaries) VALUES (266, 18, 'Anil Thakur', 'Batter', 13, '/players/default.jpg', 0, 0, 140, 0, 6, 0, 0, 0);
INSERT INTO players (id, team_id, name, role, jersey, photo, runs, wickets, strike_rate, fifties, economy, fours, sixes, boundaries) VALUES (267, 18, 'Manish Kumar', 'Bowler', 22, '/players/default.jpg', 0, 0, 140, 0, 6, 0, 0, 0);
INSERT INTO players (id, team_id, name, role, jersey, photo, runs, wickets, strike_rate, fifties, economy, fours, sixes, boundaries) VALUES (268, 18, 'Raman Saini', 'Batter', 99, '/players/default.jpg', 0, 0, 140, 0, 6, 0, 0, 0);
INSERT INTO players (id, team_id, name, role, jersey, photo, runs, wickets, strike_rate, fifties, economy, fours, sixes, boundaries) VALUES (269, 19, 'Roshan Raju', 'Batter', 36, '/players/default.jpg', 0, 0, 140, 0, 6, 0, 0, 0);
INSERT INTO players (id, team_id, name, role, jersey, photo, runs, wickets, strike_rate, fifties, economy, fours, sixes, boundaries) VALUES (270, 19, 'Ram Raj', 'Batter', 7, '/players/default.jpg', 0, 0, 140, 0, 6, 0, 0, 0);
INSERT INTO players (id, team_id, name, role, jersey, photo, runs, wickets, strike_rate, fifties, economy, fours, sixes, boundaries) VALUES (271, 19, 'Umesh K', 'All Rounder', 10, '/players/default.jpg', 0, 0, 140, 0, 6, 0, 0, 0);
INSERT INTO players (id, team_id, name, role, jersey, photo, runs, wickets, strike_rate, fifties, economy, fours, sixes, boundaries) VALUES (272, 19, 'Kannan V V', 'All Rounder', 5, '/players/default.jpg', 0, 0, 140, 0, 6, 0, 0, 0);
INSERT INTO players (id, team_id, name, role, jersey, photo, runs, wickets, strike_rate, fifties, economy, fours, sixes, boundaries) VALUES (273, 19, 'Syam Gilly', 'All Rounder', 4, '/players/default.jpg', 0, 0, 140, 0, 6, 0, 0, 0);
INSERT INTO players (id, team_id, name, role, jersey, photo, runs, wickets, strike_rate, fifties, economy, fours, sixes, boundaries) VALUES (274, 19, 'Sandheep V P', 'All Rounder', 8, '/players/default.jpg', 0, 0, 140, 0, 6, 0, 0, 0);
INSERT INTO players (id, team_id, name, role, jersey, photo, runs, wickets, strike_rate, fifties, economy, fours, sixes, boundaries) VALUES (275, 19, 'Md Sijil', 'All Rounder', 11, '/players/default.jpg', 0, 0, 140, 0, 6, 0, 0, 0);
INSERT INTO players (id, team_id, name, role, jersey, photo, runs, wickets, strike_rate, fifties, economy, fours, sixes, boundaries) VALUES (276, 19, 'Arjun Thampi', 'Batter', 18, '/players/default.jpg', 0, 0, 140, 0, 6, 0, 0, 0);
INSERT INTO players (id, team_id, name, role, jersey, photo, runs, wickets, strike_rate, fifties, economy, fours, sixes, boundaries) VALUES (277, 19, 'Mujeeb KM', 'Bowler', 9, '/players/default.jpg', 0, 0, 140, 0, 6, 0, 0, 0);
INSERT INTO players (id, team_id, name, role, jersey, photo, runs, wickets, strike_rate, fifties, economy, fours, sixes, boundaries) VALUES (278, 19, 'Bharatha R', 'Bowler', 22, '/players/default.jpg', 0, 0, 140, 0, 6, 0, 0, 0);
INSERT INTO players (id, team_id, name, role, jersey, photo, runs, wickets, strike_rate, fifties, economy, fours, sixes, boundaries) VALUES (279, 19, 'Harikrishnan S', 'Bowler', 45, '/players/default.jpg', 0, 0, 140, 0, 6, 0, 0, 0);
INSERT INTO players (id, team_id, name, role, jersey, photo, runs, wickets, strike_rate, fifties, economy, fours, sixes, boundaries) VALUES (280, 19, 'Ravindra Kumar', 'Bowler', 3, '/players/default.jpg', 0, 0, 140, 0, 6, 0, 0, 0);
INSERT INTO players (id, team_id, name, role, jersey, photo, runs, wickets, strike_rate, fifties, economy, fours, sixes, boundaries) VALUES (281, 19, 'Asif KP', 'Batter', 14, '/players/default.jpg', 0, 0, 140, 0, 6, 0, 0, 0);
INSERT INTO players (id, team_id, name, role, jersey, photo, runs, wickets, strike_rate, fifties, economy, fours, sixes, boundaries) VALUES (282, 19, 'Sreerag V', 'Bowler', 12, '/players/default.jpg', 0, 0, 140, 0, 6, 0, 0, 0);
INSERT INTO players (id, team_id, name, role, jersey, photo, runs, wickets, strike_rate, fifties, economy, fours, sixes, boundaries) VALUES (283, 19, 'Vishnu Prasad', 'All Rounder', 17, '/players/default.jpg', 0, 0, 140, 0, 6, 0, 0, 0);
INSERT INTO players (id, team_id, name, role, jersey, photo, runs, wickets, strike_rate, fifties, economy, fours, sixes, boundaries) VALUES (284, 19, 'Jithin Paul', 'Batter', 99, '/players/default.jpg', 0, 0, 140, 0, 6, 0, 0, 0);
INSERT INTO players (id, team_id, name, role, jersey, photo, runs, wickets, strike_rate, fifties, economy, fours, sixes, boundaries) VALUES (285, 20, 'Kamaran Khan', 'Batter', 32, '/players/default.jpg', 0, 0, 158.5, 0, 6, 0, 0, 0);
INSERT INTO players (id, team_id, name, role, jersey, photo, runs, wickets, strike_rate, fifties, economy, fours, sixes, boundaries) VALUES (286, 20, 'Akhil Dwivedi', 'All Rounder', 4, '/players/default.jpg', 0, 0, 140, 0, 6, 0, 0, 0);
INSERT INTO players (id, team_id, name, role, jersey, photo, runs, wickets, strike_rate, fifties, economy, fours, sixes, boundaries) VALUES (287, 20, 'Aman Yadav', 'Batter', 1, '/players/default.jpg', 0, 0, 140, 0, 6, 0, 0, 0);
INSERT INTO players (id, team_id, name, role, jersey, photo, runs, wickets, strike_rate, fifties, economy, fours, sixes, boundaries) VALUES (288, 20, 'Shreyash Bajpai', 'Batter', 21, '/players/default.jpg', 0, 0, 158.5, 1, 6, 6, 5, 11);
INSERT INTO players (id, team_id, name, role, jersey, photo, runs, wickets, strike_rate, fifties, economy, fours, sixes, boundaries) VALUES (289, 20, 'Md Altamash', 'Batter', 10, '/players/default.jpg', 0, 0, 140, 0, 6, 0, 0, 0);
INSERT INTO players (id, team_id, name, role, jersey, photo, runs, wickets, strike_rate, fifties, economy, fours, sixes, boundaries) VALUES (290, 20, 'Nimit Banasala', 'Batter', 7, '/players/default.jpg', 0, 0, 140, 0, 6, 0, 0, 0);
INSERT INTO players (id, team_id, name, role, jersey, photo, runs, wickets, strike_rate, fifties, economy, fours, sixes, boundaries) VALUES (291, 20, 'Suresh Yadav', 'Batter', 18, '/players/default.jpg', 0, 0, 140, 0, 1, 0, 0, 0);
INSERT INTO players (id, team_id, name, role, jersey, photo, runs, wickets, strike_rate, fifties, economy, fours, sixes, boundaries) VALUES (292, 20, 'Abhishek Bhati', 'Batter', 11, '/players/default.jpg', 0, 0, 140, 0, 6, 0, 0, 0);
INSERT INTO players (id, team_id, name, role, jersey, photo, runs, wickets, strike_rate, fifties, economy, fours, sixes, boundaries) VALUES (293, 20, 'Bunty Khan', 'Bowler', 14, '/players/default.jpg', 0, 0, 140, 0, 2, 0, 0, 0);
INSERT INTO players (id, team_id, name, role, jersey, photo, runs, wickets, strike_rate, fifties, economy, fours, sixes, boundaries) VALUES (294, 20, 'Saif Malinga', 'Bowler', 20, '/players/default.jpg', 0, 11, 140, 0, 6, 0, 0, 0);
INSERT INTO players (id, team_id, name, role, jersey, photo, runs, wickets, strike_rate, fifties, economy, fours, sixes, boundaries) VALUES (295, 20, 'Ratnesh Singh', 'Bowler', 19, '/players/default.jpg', 0, 0, 140, 0, 2.5, 0, 0, 0);
INSERT INTO players (id, team_id, name, role, jersey, photo, runs, wickets, strike_rate, fifties, economy, fours, sixes, boundaries) VALUES (296, 20, 'Ankit Mishra', 'Bowler', 5, '/players/default.jpg', 0, 0, 140, 0, 6, 0, 0, 0);
INSERT INTO players (id, team_id, name, role, jersey, photo, runs, wickets, strike_rate, fifties, economy, fours, sixes, boundaries) VALUES (297, 20, 'Rinku Saini', 'All Rounder', 9, '/players/default.jpg', 0, 0, 140, 0, 6, 0, 0, 0);
INSERT INTO players (id, team_id, name, role, jersey, photo, runs, wickets, strike_rate, fifties, economy, fours, sixes, boundaries) VALUES (298, 20, 'Rahul Dixit', 'Batter', 3, '/players/default.jpg', 0, 0, 140, 0, 6, 0, 0, 0);
INSERT INTO players (id, team_id, name, role, jersey, photo, runs, wickets, strike_rate, fifties, economy, fours, sixes, boundaries) VALUES (299, 20, 'Sandeep Verma', 'All Rounder', 22, '/players/default.jpg', 0, 0, 140, 0, 6, 0, 0, 0);
INSERT INTO players (id, team_id, name, role, jersey, photo, runs, wickets, strike_rate, fifties, economy, fours, sixes, boundaries) VALUES (300, 20, 'Vikas Tomar', 'Bowler', 99, '/players/default.jpg', 0, 0, 140, 0, 6, 0, 0, 0);
INSERT INTO players (id, team_id, name, role, jersey, photo, runs, wickets, strike_rate, fifties, economy, fours, sixes, boundaries) VALUES (301, 21, 'Subham Sarkar', 'All Rounder', 10, '/players/default.jpg', 0, 0, 140, 0, 6, 0, 0, 0);
INSERT INTO players (id, team_id, name, role, jersey, photo, runs, wickets, strike_rate, fifties, economy, fours, sixes, boundaries) VALUES (302, 21, 'Anirban Chatterjee', 'Batter', 7, '/players/default.jpg', 0, 0, 140, 0, 6, 0, 0, 0);
INSERT INTO players (id, team_id, name, role, jersey, photo, runs, wickets, strike_rate, fifties, economy, fours, sixes, boundaries) VALUES (303, 21, 'Dipanjan Mukherjee', 'Batter', 18, '/players/default.jpg', 0, 0, 140, 0, 6, 0, 0, 0);
INSERT INTO players (id, team_id, name, role, jersey, photo, runs, wickets, strike_rate, fifties, economy, fours, sixes, boundaries) VALUES (304, 21, 'Sourav Paul', 'Batter', 32, '/players/default.jpg', 0, 0, 140, 0, 6, 0, 0, 0);
INSERT INTO players (id, team_id, name, role, jersey, photo, runs, wickets, strike_rate, fifties, economy, fours, sixes, boundaries) VALUES (305, 21, 'Prosenjit Das', 'Batter', 24, '/players/default.jpg', 0, 0, 140, 0, 6, 0, 0, 0);
INSERT INTO players (id, team_id, name, role, jersey, photo, runs, wickets, strike_rate, fifties, economy, fours, sixes, boundaries) VALUES (306, 21, 'Alok Pratap Singh', 'All Rounder', 9, '/players/default.jpg', 0, 0, 140, 0, 6, 0, 0, 0);
INSERT INTO players (id, team_id, name, role, jersey, photo, runs, wickets, strike_rate, fifties, economy, fours, sixes, boundaries) VALUES (307, 21, 'Sandipan Das', 'Bowler', 11, '/players/default.jpg', 0, 0, 140, 0, 6, 0, 0, 0);
INSERT INTO players (id, team_id, name, role, jersey, photo, runs, wickets, strike_rate, fifties, economy, fours, sixes, boundaries) VALUES (308, 21, 'Rajkumar Pal', 'Bowler', 8, '/players/default.jpg', 0, 0, 140, 0, 6, 0, 0, 0);
INSERT INTO players (id, team_id, name, role, jersey, photo, runs, wickets, strike_rate, fifties, economy, fours, sixes, boundaries) VALUES (309, 21, 'Sayan Ghosh', 'Bowler', 45, '/players/default.jpg', 0, 0, 140, 0, 6, 0, 0, 0);
INSERT INTO players (id, team_id, name, role, jersey, photo, runs, wickets, strike_rate, fifties, economy, fours, sixes, boundaries) VALUES (310, 21, 'Arnab Nandi', 'All Rounder', 3, '/players/default.jpg', 0, 0, 140, 0, 6, 0, 0, 0);
INSERT INTO players (id, team_id, name, role, jersey, photo, runs, wickets, strike_rate, fifties, economy, fours, sixes, boundaries) VALUES (311, 21, 'Sumanta Gupta', 'Batter', 13, '/players/default.jpg', 0, 0, 140, 0, 6, 0, 0, 0);
INSERT INTO players (id, team_id, name, role, jersey, photo, runs, wickets, strike_rate, fifties, economy, fours, sixes, boundaries) VALUES (312, 21, 'Aritra Chatterjee', 'Bowler', 5, '/players/default.jpg', 0, 0, 140, 0, 6, 0, 0, 0);
INSERT INTO players (id, team_id, name, role, jersey, photo, runs, wickets, strike_rate, fifties, economy, fours, sixes, boundaries) VALUES (313, 21, 'Ramsankar Prasad', 'Batter', 99, '/players/default.jpg', 0, 0, 140, 0, 6, 0, 0, 0);
INSERT INTO players (id, team_id, name, role, jersey, photo, runs, wickets, strike_rate, fifties, economy, fours, sixes, boundaries) VALUES (314, 21, 'Agjiv Charan', 'Batter', 2, '/players/default.jpg', 0, 0, 140, 0, 6, 0, 0, 0);
INSERT INTO players (id, team_id, name, role, jersey, photo, runs, wickets, strike_rate, fifties, economy, fours, sixes, boundaries) VALUES (315, 21, 'Bappa Pramanik', 'All Rounder', 22, '/players/default.jpg', 0, 0, 140, 0, 6, 0, 0, 0);
INSERT INTO players (id, team_id, name, role, jersey, photo, runs, wickets, strike_rate, fifties, economy, fours, sixes, boundaries) VALUES (316, 21, 'Suvam Dey', 'Bowler', 6, '/players/default.jpg', 0, 0, 140, 0, 6, 0, 0, 0);
INSERT INTO players (id, team_id, name, role, jersey, photo, runs, wickets, strike_rate, fifties, economy, fours, sixes, boundaries) VALUES (317, 22, 'Azeem Khan', 'Batter', 10, '/players/default.jpg', 0, 0, 140, 0, 6, 0, 0, 0);
INSERT INTO players (id, team_id, name, role, jersey, photo, runs, wickets, strike_rate, fifties, economy, fours, sixes, boundaries) VALUES (318, 22, 'Vishal Moriya', 'All Rounder', 43, '/players/default.jpg', 0, 0, 140, 0, 6, 0, 0, 0);
INSERT INTO players (id, team_id, name, role, jersey, photo, runs, wickets, strike_rate, fifties, economy, fours, sixes, boundaries) VALUES (319, 22, 'Aditya Singh', 'Batter', 2, '/players/default.jpg', 0, 0, 140, 0, 6, 0, 0, 0);
INSERT INTO players (id, team_id, name, role, jersey, photo, runs, wickets, strike_rate, fifties, economy, fours, sixes, boundaries) VALUES (320, 22, 'Sourabh Raghuvanshi', 'All Rounder', 4, '/players/default.jpg', 0, 0, 140, 0, 6, 0, 0, 0);
INSERT INTO players (id, team_id, name, role, jersey, photo, runs, wickets, strike_rate, fifties, economy, fours, sixes, boundaries) VALUES (321, 22, 'Satish Rajak', 'Batter', 1, '/players/default.jpg', 0, 0, 140, 0, 6, 0, 0, 0);
INSERT INTO players (id, team_id, name, role, jersey, photo, runs, wickets, strike_rate, fifties, economy, fours, sixes, boundaries) VALUES (322, 22, 'Mahendra Kanare', 'Bowler', 11, '/players/default.jpg', 0, 0, 140, 0, 6, 0, 0, 0);
INSERT INTO players (id, team_id, name, role, jersey, photo, runs, wickets, strike_rate, fifties, economy, fours, sixes, boundaries) VALUES (323, 22, 'Navneet Singh', 'All Rounder', 18, '/players/default.jpg', 0, 0, 140, 0, 6, 0, 0, 0);
INSERT INTO players (id, team_id, name, role, jersey, photo, runs, wickets, strike_rate, fifties, economy, fours, sixes, boundaries) VALUES (324, 22, 'Akshay Singh', 'Bowler', 8, '/players/default.jpg', 0, 0, 140, 0, 6, 0, 0, 0);
INSERT INTO players (id, team_id, name, role, jersey, photo, runs, wickets, strike_rate, fifties, economy, fours, sixes, boundaries) VALUES (325, 22, 'Rahul Jatav', 'Bowler', 7, '/players/default.jpg', 0, 0, 140, 0, 6, 0, 0, 0);
INSERT INTO players (id, team_id, name, role, jersey, photo, runs, wickets, strike_rate, fifties, economy, fours, sixes, boundaries) VALUES (326, 22, 'Sarosh Ahmed', 'Batter', 14, '/players/default.jpg', 0, 0, 140, 0, 6, 0, 0, 0);
INSERT INTO players (id, team_id, name, role, jersey, photo, runs, wickets, strike_rate, fifties, economy, fours, sixes, boundaries) VALUES (327, 22, 'Prince Verma', 'Bowler', 9, '/players/default.jpg', 0, 0, 140, 0, 6, 0, 0, 0);
INSERT INTO players (id, team_id, name, role, jersey, photo, runs, wickets, strike_rate, fifties, economy, fours, sixes, boundaries) VALUES (328, 22, 'Ajay Tiwari', 'All Rounder', 0, '/players/default.jpg', 0, 0, 140, 0, 6, 0, 0, 0);
INSERT INTO players (id, team_id, name, role, jersey, photo, runs, wickets, strike_rate, fifties, economy, fours, sixes, boundaries) VALUES (329, 22, 'Devendra Tomar', 'Batter', 24, '/players/default.jpg', 0, 0, 140, 0, 6, 0, 0, 0);
INSERT INTO players (id, team_id, name, role, jersey, photo, runs, wickets, strike_rate, fifties, economy, fours, sixes, boundaries) VALUES (330, 22, 'Anand Saini', 'Bowler', 5, '/players/default.jpg', 0, 0, 140, 0, 6, 0, 0, 0);
INSERT INTO players (id, team_id, name, role, jersey, photo, runs, wickets, strike_rate, fifties, economy, fours, sixes, boundaries) VALUES (331, 22, 'Sanjay Mishra', 'All Rounder', 22, '/players/default.jpg', 0, 0, 140, 0, 6, 0, 0, 0);
INSERT INTO players (id, team_id, name, role, jersey, photo, runs, wickets, strike_rate, fifties, economy, fours, sixes, boundaries) VALUES (332, 22, 'Vijay Yadav', 'Bowler', 99, '/players/default.jpg', 0, 0, 140, 0, 6, 0, 0, 0);
INSERT INTO players (id, team_id, name, role, jersey, photo, runs, wickets, strike_rate, fifties, economy, fours, sixes, boundaries) VALUES (333, 23, 'Abdul Kareem', 'Batter', 37, '/players/default.jpg', 0, 0, 140, 0, 6, 0, 0, 0);
INSERT INTO players (id, team_id, name, role, jersey, photo, runs, wickets, strike_rate, fifties, economy, fours, sixes, boundaries) VALUES (334, 23, 'Aamir Lefty', 'All Rounder', 20, '/players/default.jpg', 0, 0, 140, 0, 6, 0, 0, 0);
INSERT INTO players (id, team_id, name, role, jersey, photo, runs, wickets, strike_rate, fifties, economy, fours, sixes, boundaries) VALUES (335, 23, 'Balveer Singh', 'Batter', 13, '/players/default.jpg', 0, 0, 140, 0, 6, 0, 0, 0);
INSERT INTO players (id, team_id, name, role, jersey, photo, runs, wickets, strike_rate, fifties, economy, fours, sixes, boundaries) VALUES (336, 23, 'Shoaib', 'Bowler', 9, '/players/default.jpg', 0, 0, 140, 0, 6, 0, 0, 0);
INSERT INTO players (id, team_id, name, role, jersey, photo, runs, wickets, strike_rate, fifties, economy, fours, sixes, boundaries) VALUES (337, 23, 'Jitender Gautam', 'Bowler', 6, '/players/default.jpg', 0, 0, 140, 0, 6, 0, 0, 0);
INSERT INTO players (id, team_id, name, role, jersey, photo, runs, wickets, strike_rate, fifties, economy, fours, sixes, boundaries) VALUES (338, 23, 'Rishabh Raj', 'Batter', 18, '/players/default.jpg', 0, 0, 140, 0, 6, 0, 0, 0);
INSERT INTO players (id, team_id, name, role, jersey, photo, runs, wickets, strike_rate, fifties, economy, fours, sixes, boundaries) VALUES (339, 23, 'Ankit Tiwari', 'All Rounder', 10, '/players/default.jpg', 0, 0, 140, 0, 6, 0, 0, 0);
INSERT INTO players (id, team_id, name, role, jersey, photo, runs, wickets, strike_rate, fifties, economy, fours, sixes, boundaries) VALUES (340, 23, 'Sarthak Chaudhary', 'Bowler', 27, '/players/default.jpg', 0, 0, 140, 0, 6, 0, 0, 0);
INSERT INTO players (id, team_id, name, role, jersey, photo, runs, wickets, strike_rate, fifties, economy, fours, sixes, boundaries) VALUES (341, 23, 'Ritik Gupta', 'Batter', 3, '/players/default.jpg', 0, 0, 140, 0, 6, 0, 0, 0);
INSERT INTO players (id, team_id, name, role, jersey, photo, runs, wickets, strike_rate, fifties, economy, fours, sixes, boundaries) VALUES (342, 23, 'Nitin Mahajan', 'All Rounder', 5, '/players/default.jpg', 0, 0, 140, 0, 6, 0, 0, 0);
INSERT INTO players (id, team_id, name, role, jersey, photo, runs, wickets, strike_rate, fifties, economy, fours, sixes, boundaries) VALUES (343, 23, 'Varun Suri', 'Batter', 17, '/players/default.jpg', 0, 0, 140, 0, 6, 0, 0, 0);
INSERT INTO players (id, team_id, name, role, jersey, photo, runs, wickets, strike_rate, fifties, economy, fours, sixes, boundaries) VALUES (344, 23, 'Hashim Sheikh', 'Bowler', 12, '/players/default.jpg', 0, 0, 140, 0, 6, 0, 0, 0);
INSERT INTO players (id, team_id, name, role, jersey, photo, runs, wickets, strike_rate, fifties, economy, fours, sixes, boundaries) VALUES (345, 23, 'Jitesh Thakur', 'Bowler', 2, '/players/default.jpg', 0, 0, 140, 0, 6, 0, 0, 0);
INSERT INTO players (id, team_id, name, role, jersey, photo, runs, wickets, strike_rate, fifties, economy, fours, sixes, boundaries) VALUES (346, 23, 'Sumit Negi', 'All Rounder', 26, '/players/default.jpg', 0, 0, 140, 0, 6, 0, 0, 0);
INSERT INTO players (id, team_id, name, role, jersey, photo, runs, wickets, strike_rate, fifties, economy, fours, sixes, boundaries) VALUES (347, 23, 'Deepak Ambala', 'Batter', 4, '/players/default.jpg', 0, 0, 140, 0, 6, 0, 0, 0);
INSERT INTO players (id, team_id, name, role, jersey, photo, runs, wickets, strike_rate, fifties, economy, fours, sixes, boundaries) VALUES (348, 23, 'Surinder S (Munna)', 'Batter', 25, '/players/default.jpg', 0, 0, 140, 0, 6, 0, 0, 0);
INSERT INTO players (id, team_id, name, role, jersey, photo, runs, wickets, strike_rate, fifties, economy, fours, sixes, boundaries) VALUES (349, 24, 'Rahil Mohd', 'All Rounder', 4, '/players/default.jpg', 0, 0, 140, 0, 6, 0, 0, 0);
INSERT INTO players (id, team_id, name, role, jersey, photo, runs, wickets, strike_rate, fifties, economy, fours, sixes, boundaries) VALUES (350, 24, 'Akshayy Mahajan', 'Batter', 15, '/players/default.jpg', 0, 0, 140, 0, 6, 0, 0, 0);
INSERT INTO players (id, team_id, name, role, jersey, photo, runs, wickets, strike_rate, fifties, economy, fours, sixes, boundaries) VALUES (351, 24, 'Surinder Sharma', 'All Rounder', 16, '/players/default.jpg', 0, 0, 140, 0, 6, 0, 0, 0);
INSERT INTO players (id, team_id, name, role, jersey, photo, runs, wickets, strike_rate, fifties, economy, fours, sixes, boundaries) VALUES (352, 24, 'Gautam (Shani)', 'Bowler', 7, '/players/default.jpg', 0, 0, 140, 0, 6, 0, 0, 0);
INSERT INTO players (id, team_id, name, role, jersey, photo, runs, wickets, strike_rate, fifties, economy, fours, sixes, boundaries) VALUES (353, 24, 'Sameer Ahmed', 'Batter', 11, '/players/default.jpg', 0, 0, 140, 0, 6, 0, 0, 0);
INSERT INTO players (id, team_id, name, role, jersey, photo, runs, wickets, strike_rate, fifties, economy, fours, sixes, boundaries) VALUES (354, 24, 'Vishal Singh', 'All Rounder', 13, '/players/default.jpg', 0, 0, 140, 0, 6, 0, 0, 0);
INSERT INTO players (id, team_id, name, role, jersey, photo, runs, wickets, strike_rate, fifties, economy, fours, sixes, boundaries) VALUES (355, 24, 'Ajay Singh', 'All Rounder', 2, '/players/default.jpg', 0, 0, 140, 0, 6, 0, 0, 0);
INSERT INTO players (id, team_id, name, role, jersey, photo, runs, wickets, strike_rate, fifties, economy, fours, sixes, boundaries) VALUES (356, 24, 'Karanveer Singh', 'Batter', 9, '/players/default.jpg', 0, 0, 140, 0, 6, 0, 0, 0);
INSERT INTO players (id, team_id, name, role, jersey, photo, runs, wickets, strike_rate, fifties, economy, fours, sixes, boundaries) VALUES (357, 24, 'Kuluuindr (Monu)', 'All Rounder', 18, '/players/default.jpg', 0, 0, 140, 0, 6, 0, 0, 0);
INSERT INTO players (id, team_id, name, role, jersey, photo, runs, wickets, strike_rate, fifties, economy, fours, sixes, boundaries) VALUES (358, 24, 'Mohd Umar', 'All Rounder', 12, '/players/default.jpg', 0, 0, 140, 0, 6, 0, 0, 0);
INSERT INTO players (id, team_id, name, role, jersey, photo, runs, wickets, strike_rate, fifties, economy, fours, sixes, boundaries) VALUES (359, 24, 'Abu Usman Sheikh', 'All Rounder', 45, '/players/default.jpg', 0, 0, 140, 0, 6, 0, 0, 0);
INSERT INTO players (id, team_id, name, role, jersey, photo, runs, wickets, strike_rate, fifties, economy, fours, sixes, boundaries) VALUES (360, 24, 'Sunil Dogra (Happy)', 'Bowler', 5, '/players/default.jpg', 0, 0, 140, 0, 6, 0, 0, 0);
INSERT INTO players (id, team_id, name, role, jersey, photo, runs, wickets, strike_rate, fifties, economy, fours, sixes, boundaries) VALUES (361, 24, 'Rahul Sharma', 'Bowler', 8, '/players/default.jpg', 0, 0, 140, 0, 6, 0, 0, 0);
INSERT INTO players (id, team_id, name, role, jersey, photo, runs, wickets, strike_rate, fifties, economy, fours, sixes, boundaries) VALUES (362, 24, 'Amit', 'Bowler', 22, '/players/default.jpg', 0, 0, 140, 0, 6, 0, 0, 0);
INSERT INTO players (id, team_id, name, role, jersey, photo, runs, wickets, strike_rate, fifties, economy, fours, sixes, boundaries) VALUES (363, 24, 'Deepak (Billy)', 'All Rounder', 1, '/players/default.jpg', 0, 0, 140, 0, 6, 0, 0, 0);
INSERT INTO players (id, team_id, name, role, jersey, photo, runs, wickets, strike_rate, fifties, economy, fours, sixes, boundaries) VALUES (364, 24, 'Honey Yadav', 'All Rounder', 99, '/players/default.jpg', 0, 0, 140, 0, 6, 0, 0, 0);
INSERT INTO players (id, team_id, name, role, jersey, photo, runs, wickets, strike_rate, fifties, economy, fours, sixes, boundaries) VALUES (365, 25, 'Sandeep Kumar', 'All Rounder', 7, '/players/sandeep-k.jpg', 0, 0, 140, 0, 6, 0, 0, 0);
INSERT INTO players (id, team_id, name, role, jersey, photo, runs, wickets, strike_rate, fifties, economy, fours, sixes, boundaries) VALUES (366, 25, 'Rajesh Singh', 'Batter', 12, '/players/rajesh-s.jpg', 0, 0, 140, 0, 6, 0, 0, 0);
INSERT INTO players (id, team_id, name, role, jersey, photo, runs, wickets, strike_rate, fifties, economy, fours, sixes, boundaries) VALUES (367, 25, 'Vikram Hooda', 'All Rounder', 21, '/players/vikram-h.jpg', 0, 0, 140, 0, 6, 0, 0, 0);
INSERT INTO players (id, team_id, name, role, jersey, photo, runs, wickets, strike_rate, fifties, economy, fours, sixes, boundaries) VALUES (368, 25, 'Amit Rathi', 'Bowler', 5, '/players/amit-r.jpg', 0, 0, 140, 0, 6, 0, 0, 0);
INSERT INTO players (id, team_id, name, role, jersey, photo, runs, wickets, strike_rate, fifties, economy, fours, sixes, boundaries) VALUES (369, 25, 'Sunil Kumar', 'All Rounder', 18, '/players/sunil-k.jpg', 0, 0, 140, 0, 6, 0, 0, 0);
INSERT INTO players (id, team_id, name, role, jersey, photo, runs, wickets, strike_rate, fifties, economy, fours, sixes, boundaries) VALUES (370, 25, 'Deepak', 'Wicket Keeper', 1, '/players/deepak.jpg', 0, 0, 140, 0, 6, 0, 0, 0);
INSERT INTO players (id, team_id, name, role, jersey, photo, runs, wickets, strike_rate, fifties, economy, fours, sixes, boundaries) VALUES (371, 25, 'Naveen', 'Batter', 24, '/players/naveen.jpg', 0, 0, 140, 0, 6, 0, 0, 0);
INSERT INTO players (id, team_id, name, role, jersey, photo, runs, wickets, strike_rate, fifties, economy, fours, sixes, boundaries) VALUES (372, 25, 'Rahul', 'Bowler', 10, '/players/rahul.jpg', 0, 0, 140, 0, 6, 0, 0, 0);
INSERT INTO players (id, team_id, name, role, jersey, photo, runs, wickets, strike_rate, fifties, economy, fours, sixes, boundaries) VALUES (373, 25, 'Manish', 'All Rounder', 33, '/players/manish.jpg', 0, 0, 140, 0, 6, 0, 0, 0);
INSERT INTO players (id, team_id, name, role, jersey, photo, runs, wickets, strike_rate, fifties, economy, fours, sixes, boundaries) VALUES (374, 25, 'Vijay', 'Batter', 11, '/players/vijay.jpg', 0, 0, 140, 0, 6, 0, 0, 0);
INSERT INTO players (id, team_id, name, role, jersey, photo, runs, wickets, strike_rate, fifties, economy, fours, sixes, boundaries) VALUES (375, 25, 'Anil', 'Bowler', 8, '/players/anil.jpg', 0, 0, 140, 0, 6, 0, 0, 0);
INSERT INTO players (id, team_id, name, role, jersey, photo, runs, wickets, strike_rate, fifties, economy, fours, sixes, boundaries) VALUES (376, 25, 'Sanjay', 'All Rounder', 4, '/players/sanjay.jpg', 0, 0, 140, 0, 6, 0, 0, 0);
INSERT INTO players (id, team_id, name, role, jersey, photo, runs, wickets, strike_rate, fifties, economy, fours, sixes, boundaries) VALUES (377, 25, 'Pawan', 'Batter', 9, '/players/pawan.jpg', 0, 0, 140, 0, 6, 0, 0, 0);
INSERT INTO players (id, team_id, name, role, jersey, photo, runs, wickets, strike_rate, fifties, economy, fours, sixes, boundaries) VALUES (378, 25, 'Ajay', 'Bowler', 2, '/players/ajay.jpg', 0, 0, 140, 0, 6, 0, 0, 0);
INSERT INTO players (id, team_id, name, role, jersey, photo, runs, wickets, strike_rate, fifties, economy, fours, sixes, boundaries) VALUES (379, 25, 'Vikash', 'All Rounder', 15, '/players/vikash.jpg', 0, 0, 140, 0, 6, 0, 0, 0);
INSERT INTO players (id, team_id, name, role, jersey, photo, runs, wickets, strike_rate, fifties, economy, fours, sixes, boundaries) VALUES (380, 25, 'Mohit', 'Wicket Keeper', 20, '/players/mohit.jpg', 0, 0, 140, 0, 6, 0, 0, 0);
INSERT INTO players (id, team_id, name, role, jersey, photo, runs, wickets, strike_rate, fifties, economy, fours, sixes, boundaries) VALUES (381, 26, 'Amandeep Singh', 'All Rounder', 45, '/players/amandeep-s.jpg', 0, 0, 140, 0, 6, 0, 0, 0);
INSERT INTO players (id, team_id, name, role, jersey, photo, runs, wickets, strike_rate, fifties, economy, fours, sixes, boundaries) VALUES (382, 26, 'Gurpreet Singh', 'Batter', 10, '/players/gurpreet-s.jpg', 0, 0, 140, 0, 6, 0, 0, 0);
INSERT INTO players (id, team_id, name, role, jersey, photo, runs, wickets, strike_rate, fifties, economy, fours, sixes, boundaries) VALUES (383, 26, 'Harmanpreet', 'All Rounder', 7, '/players/harmanpreet.jpg', 0, 0, 140, 0, 6, 0, 0, 0);
INSERT INTO players (id, team_id, name, role, jersey, photo, runs, wickets, strike_rate, fifties, economy, fours, sixes, boundaries) VALUES (384, 26, 'Jaswinder', 'Bowler', 22, '/players/jaswinder.jpg', 0, 0, 140, 0, 6, 0, 0, 0);
INSERT INTO players (id, team_id, name, role, jersey, photo, runs, wickets, strike_rate, fifties, economy, fours, sixes, boundaries) VALUES (385, 26, 'Manjeet Singh', 'All Rounder', 13, '/players/manjeet-s.jpg', 0, 0, 140, 0, 6, 0, 0, 0);
INSERT INTO players (id, team_id, name, role, jersey, photo, runs, wickets, strike_rate, fifties, economy, fours, sixes, boundaries) VALUES (386, 26, 'Sukhminder', 'Wicket Keeper', 5, '/players/sukhminder.jpg', 0, 0, 140, 0, 6, 0, 0, 0);
INSERT INTO players (id, team_id, name, role, jersey, photo, runs, wickets, strike_rate, fifties, economy, fours, sixes, boundaries) VALUES (387, 26, 'Balwinder', 'Batter', 11, '/players/balwinder.jpg', 0, 0, 140, 0, 6, 0, 0, 0);
INSERT INTO players (id, team_id, name, role, jersey, photo, runs, wickets, strike_rate, fifties, economy, fours, sixes, boundaries) VALUES (388, 26, 'Gagandeep', 'Bowler', 17, '/players/gagandeep.jpg', 0, 0, 140, 0, 6, 0, 0, 0);
INSERT INTO players (id, team_id, name, role, jersey, photo, runs, wickets, strike_rate, fifties, economy, fours, sixes, boundaries) VALUES (389, 26, 'Paramjeet', 'All Rounder', 9, '/players/paramjeet.jpg', 0, 0, 140, 0, 6, 0, 0, 0);
INSERT INTO players (id, team_id, name, role, jersey, photo, runs, wickets, strike_rate, fifties, economy, fours, sixes, boundaries) VALUES (390, 26, 'Satnam', 'Batter', 3, '/players/satnam.jpg', 0, 0, 140, 0, 6, 0, 0, 0);
INSERT INTO players (id, team_id, name, role, jersey, photo, runs, wickets, strike_rate, fifties, economy, fours, sixes, boundaries) VALUES (391, 26, 'Navdeep', 'Bowler', 6, '/players/navdeep.jpg', 0, 0, 140, 0, 6, 0, 0, 0);
INSERT INTO players (id, team_id, name, role, jersey, photo, runs, wickets, strike_rate, fifties, economy, fours, sixes, boundaries) VALUES (392, 26, 'Ranjeet', 'All Rounder', 19, '/players/ranjeet.jpg', 0, 0, 140, 0, 6, 0, 0, 0);
INSERT INTO players (id, team_id, name, role, jersey, photo, runs, wickets, strike_rate, fifties, economy, fours, sixes, boundaries) VALUES (393, 26, 'Inderjeet', 'Batter', 30, '/players/inderjeet.jpg', 0, 0, 140, 0, 6, 0, 0, 0);
INSERT INTO players (id, team_id, name, role, jersey, photo, runs, wickets, strike_rate, fifties, economy, fours, sixes, boundaries) VALUES (394, 26, 'Jagdeep', 'Bowler', 25, '/players/jagdeep.jpg', 0, 0, 140, 0, 6, 0, 0, 0);
INSERT INTO players (id, team_id, name, role, jersey, photo, runs, wickets, strike_rate, fifties, economy, fours, sixes, boundaries) VALUES (395, 26, 'Simranjeet', 'All Rounder', 8, '/players/simranjeet.jpg', 0, 0, 140, 0, 6, 0, 0, 0);
INSERT INTO players (id, team_id, name, role, jersey, photo, runs, wickets, strike_rate, fifties, economy, fours, sixes, boundaries) VALUES (396, 26, 'Karamjeet', 'Wicket Keeper', 12, '/players/karamjeet.jpg', 0, 0, 140, 0, 6, 0, 0, 0);
INSERT INTO players (id, team_id, name, role, jersey, photo, runs, wickets, strike_rate, fifties, economy, fours, sixes, boundaries) VALUES (397, 27, 'Rajesh Kumar', 'All Rounder', 10, '/players/rajesh-k.jpg', 0, 0, 140, 0, 6, 0, 0, 0);
INSERT INTO players (id, team_id, name, role, jersey, photo, runs, wickets, strike_rate, fifties, economy, fours, sixes, boundaries) VALUES (398, 27, 'Sunil Verma', 'Batter', 7, '/players/sunil-v.jpg', 0, 0, 140, 0, 6, 0, 0, 0);
INSERT INTO players (id, team_id, name, role, jersey, photo, runs, wickets, strike_rate, fifties, economy, fours, sixes, boundaries) VALUES (399, 27, 'Deepak Yadav', 'All Rounder', 14, '/players/deepak-y.jpg', 0, 0, 140, 0, 6, 0, 0, 0);
INSERT INTO players (id, team_id, name, role, jersey, photo, runs, wickets, strike_rate, fifties, economy, fours, sixes, boundaries) VALUES (400, 27, 'Amit Gupta', 'Bowler', 5, '/players/amit-g.jpg', 0, 0, 140, 0, 6, 0, 0, 0);
INSERT INTO players (id, team_id, name, role, jersey, photo, runs, wickets, strike_rate, fifties, economy, fours, sixes, boundaries) VALUES (401, 27, 'Vijay Sahu', 'All Rounder', 22, '/players/vijay-s.jpg', 0, 0, 140, 0, 6, 0, 0, 0);
INSERT INTO players (id, team_id, name, role, jersey, photo, runs, wickets, strike_rate, fifties, economy, fours, sixes, boundaries) VALUES (402, 27, 'Sanjay Singh', 'Wicket Keeper', 1, '/players/sanjay-s.jpg', 0, 0, 140, 0, 6, 0, 0, 0);
INSERT INTO players (id, team_id, name, role, jersey, photo, runs, wickets, strike_rate, fifties, economy, fours, sixes, boundaries) VALUES (403, 27, 'Rahul Verma', 'Batter', 11, '/players/rahul-v.jpg', 0, 0, 140, 0, 6, 0, 0, 0);
INSERT INTO players (id, team_id, name, role, jersey, photo, runs, wickets, strike_rate, fifties, economy, fours, sixes, boundaries) VALUES (404, 27, 'Manish Kumar', 'Bowler', 9, '/players/manish-k.jpg', 0, 0, 140, 0, 6, 0, 0, 0);
INSERT INTO players (id, team_id, name, role, jersey, photo, runs, wickets, strike_rate, fifties, economy, fours, sixes, boundaries) VALUES (405, 27, 'Anil Sahu', 'All Rounder', 3, '/players/anil-s.jpg', 0, 0, 140, 0, 6, 0, 0, 0);
INSERT INTO players (id, team_id, name, role, jersey, photo, runs, wickets, strike_rate, fifties, economy, fours, sixes, boundaries) VALUES (406, 27, 'Pawan Yadav', 'Batter', 8, '/players/pawan-y.jpg', 0, 0, 140, 0, 6, 0, 0, 0);
INSERT INTO players (id, team_id, name, role, jersey, photo, runs, wickets, strike_rate, fifties, economy, fours, sixes, boundaries) VALUES (407, 27, 'Ajay Gupta', 'Bowler', 2, '/players/ajay-g.jpg', 0, 0, 140, 0, 6, 0, 0, 0);
INSERT INTO players (id, team_id, name, role, jersey, photo, runs, wickets, strike_rate, fifties, economy, fours, sixes, boundaries) VALUES (408, 27, 'Vikash Singh', 'All Rounder', 13, '/players/vikash-s.jpg', 0, 0, 140, 0, 6, 0, 0, 0);
INSERT INTO players (id, team_id, name, role, jersey, photo, runs, wickets, strike_rate, fifties, economy, fours, sixes, boundaries) VALUES (409, 27, 'Naveen Kumar', 'Batter', 6, '/players/naveen-k.jpg', 0, 0, 140, 0, 6, 0, 0, 0);
INSERT INTO players (id, team_id, name, role, jersey, photo, runs, wickets, strike_rate, fifties, economy, fours, sixes, boundaries) VALUES (410, 27, 'Rahul Gupta', 'Bowler', 4, '/players/rahul-g.jpg', 0, 0, 140, 0, 6, 0, 0, 0);
INSERT INTO players (id, team_id, name, role, jersey, photo, runs, wickets, strike_rate, fifties, economy, fours, sixes, boundaries) VALUES (411, 27, 'Sunil Sahu', 'All Rounder', 15, '/players/sunil-s.jpg', 0, 0, 140, 0, 6, 0, 0, 0);
INSERT INTO players (id, team_id, name, role, jersey, photo, runs, wickets, strike_rate, fifties, economy, fours, sixes, boundaries) VALUES (412, 27, 'Deepak Kumar', 'Wicket Keeper', 20, '/players/deepak-k.jpg', 0, 0, 140, 0, 6, 0, 0, 0);
INSERT INTO players (id, team_id, name, role, jersey, photo, runs, wickets, strike_rate, fifties, economy, fours, sixes, boundaries) VALUES (413, 28, 'Iranna S B', 'All Rounder', 12, '/players/iranna-s.jpg', 0, 0, 140, 0, 6, 0, 0, 0);
INSERT INTO players (id, team_id, name, role, jersey, photo, runs, wickets, strike_rate, fifties, economy, fours, sixes, boundaries) VALUES (414, 28, 'Rohit Roy', 'Batter', 5, '/players/rohit-r.jpg', 0, 0, 140, 0, 6, 0, 0, 0);
INSERT INTO players (id, team_id, name, role, jersey, photo, runs, wickets, strike_rate, fifties, economy, fours, sixes, boundaries) VALUES (415, 28, 'Aqs Amoodi', 'All Rounder', 21, '/players/aqs-a.jpg', 0, 0, 140, 0, 6, 0, 0, 0);
INSERT INTO players (id, team_id, name, role, jersey, photo, runs, wickets, strike_rate, fifties, economy, fours, sixes, boundaries) VALUES (416, 28, 'Prashanth Kumar', 'Batter', 8, '/players/prashanth-k.jpg', 0, 0, 140, 0, 6, 0, 0, 0);
INSERT INTO players (id, team_id, name, role, jersey, photo, runs, wickets, strike_rate, fifties, economy, fours, sixes, boundaries) VALUES (417, 28, 'Sk Ahmed', 'All Rounder', 33, '/players/sk-ahmed.jpg', 0, 0, 140, 0, 6, 0, 0, 0);
INSERT INTO players (id, team_id, name, role, jersey, photo, runs, wickets, strike_rate, fifties, economy, fours, sixes, boundaries) VALUES (418, 28, 'Mohad Faiyaz', 'Wicket Keeper', 7, '/players/mohad-f.jpg', 0, 0, 140, 0, 6, 0, 0, 0);
INSERT INTO players (id, team_id, name, role, jersey, photo, runs, wickets, strike_rate, fifties, economy, fours, sixes, boundaries) VALUES (419, 28, 'Fazil Ali', 'All Rounder', 10, '/players/fazil-a.jpg', 0, 0, 140, 0, 6, 0, 2, 0);
INSERT INTO players (id, team_id, name, role, jersey, photo, runs, wickets, strike_rate, fifties, economy, fours, sixes, boundaries) VALUES (420, 28, 'Adarsh Rajput', 'Bowler', 4, '/players/adarsh-r.jpg', 0, 0, 140, 0, 6, 0, 0, 0);
INSERT INTO players (id, team_id, name, role, jersey, photo, runs, wickets, strike_rate, fifties, economy, fours, sixes, boundaries) VALUES (421, 28, 'Suraj Singh', 'All Rounder', 19, '/players/suraj-s.jpg', 0, 0, 140, 0, 6, 0, 0, 0);
INSERT INTO players (id, team_id, name, role, jersey, photo, runs, wickets, strike_rate, fifties, economy, fours, sixes, boundaries) VALUES (422, 28, 'Anurag Mishra', 'Bowler', 2, '/players/anurag-m.jpg', 0, 0, 140, 0, 6, 0, 0, 0);
INSERT INTO players (id, team_id, name, role, jersey, photo, runs, wickets, strike_rate, fifties, economy, fours, sixes, boundaries) VALUES (423, 28, 'Kamaran Khan', 'All Rounder', 9, '/players/kamaran-k.jpg', 0, 0, 158.5, 0, 6, 0, 0, 0);
INSERT INTO players (id, team_id, name, role, jersey, photo, runs, wickets, strike_rate, fifties, economy, fours, sixes, boundaries) VALUES (424, 28, 'Shreyash Bajpai', 'Bowler', 15, '/players/shreyash-b.jpg', 0, 0, 158.5, 1, 6, 6, 5, 11);
INSERT INTO players (id, team_id, name, role, jersey, photo, runs, wickets, strike_rate, fifties, economy, fours, sixes, boundaries) VALUES (425, 28, 'Suresh Yadav', 'All Rounder', 25, '/players/suresh-y.jpg', 0, 0, 140, 0, 1, 0, 0, 0);
INSERT INTO players (id, team_id, name, role, jersey, photo, runs, wickets, strike_rate, fifties, economy, fours, sixes, boundaries) VALUES (426, 28, 'Bunty Khan', 'Bowler', 6, '/players/bunty-k.jpg', 0, 0, 140, 0, 2, 0, 0, 0);
INSERT INTO players (id, team_id, name, role, jersey, photo, runs, wickets, strike_rate, fifties, economy, fours, sixes, boundaries) VALUES (427, 28, 'Ratnesh Singh', 'All Rounder', 11, '/players/ratnesh-s.jpg', 0, 0, 140, 0, 2.5, 0, 0, 0);
INSERT INTO players (id, team_id, name, role, jersey, photo, runs, wickets, strike_rate, fifties, economy, fours, sixes, boundaries) VALUES (428, 28, 'Saif Malinga', 'Bowler', 3, '/players/saif-m.jpg', 0, 11, 140, 0, 6, 0, 0, 0);
INSERT INTO players (id, team_id, name, role, jersey, photo, runs, wickets, strike_rate, fifties, economy, fours, sixes, boundaries) VALUES (429, 29, 'Vijay Kumar', 'All Rounder', 10, '/players/vijay-k.jpg', 0, 0, 140, 0, 6, 0, 0, 0);
INSERT INTO players (id, team_id, name, role, jersey, photo, runs, wickets, strike_rate, fifties, economy, fours, sixes, boundaries) VALUES (430, 29, 'Abdul Rehman', 'Batter', 7, '/players/abdul-r.jpg', 0, 0, 140, 0, 6, 0, 0, 0);
INSERT INTO players (id, team_id, name, role, jersey, photo, runs, wickets, strike_rate, fifties, economy, fours, sixes, boundaries) VALUES (431, 29, 'Golu Bhaethala', 'Batter', 18, '/players/golu-b.jpg', 0, 0, 140, 0, 6, 0, 0, 0);
INSERT INTO players (id, team_id, name, role, jersey, photo, runs, wickets, strike_rate, fifties, economy, fours, sixes, boundaries) VALUES (432, 29, 'Rakesh Thapar', 'All Rounder', 22, '/players/rakesh-t.jpg', 0, 0, 140, 0, 6, 0, 0, 0);
INSERT INTO players (id, team_id, name, role, jersey, photo, runs, wickets, strike_rate, fifties, economy, fours, sixes, boundaries) VALUES (433, 29, 'Jashan Gidderbaha', 'All Rounder', 5, '/players/jashan-g.jpg', 0, 0, 140, 0, 6, 0, 0, 0);
INSERT INTO players (id, team_id, name, role, jersey, photo, runs, wickets, strike_rate, fifties, economy, fours, sixes, boundaries) VALUES (434, 29, 'Mohit', 'All Rounder', 1, '/players/mohit.jpg', 0, 0, 140, 0, 6, 0, 0, 0);
INSERT INTO players (id, team_id, name, role, jersey, photo, runs, wickets, strike_rate, fifties, economy, fours, sixes, boundaries) VALUES (435, 29, 'Sandeep Singh', 'All Rounder', 9, '/players/sandeep-s.jpg', 0, 0, 140, 0, 6, 0, 0, 0);
INSERT INTO players (id, team_id, name, role, jersey, photo, runs, wickets, strike_rate, fifties, economy, fours, sixes, boundaries) VALUES (436, 29, 'Kannu Dharamkot', 'All Rounder', 33, '/players/kannu-d.jpg', 0, 0, 140, 0, 6, 0, 0, 0);
INSERT INTO players (id, team_id, name, role, jersey, photo, runs, wickets, strike_rate, fifties, economy, fours, sixes, boundaries) VALUES (437, 29, 'Sahil Bhagu', 'All Rounder', 12, '/players/sahil-b.jpg', 0, 14, 140, 0, 6, 0, 0, 0);
INSERT INTO players (id, team_id, name, role, jersey, photo, runs, wickets, strike_rate, fifties, economy, fours, sixes, boundaries) VALUES (438, 29, 'Happy Sahenwal', 'All Rounder', 4, '/players/happy-s.jpg', 0, 0, 140, 0, 6, 0, 0, 0);
INSERT INTO players (id, team_id, name, role, jersey, photo, runs, wickets, strike_rate, fifties, economy, fours, sixes, boundaries) VALUES (439, 29, 'Rohit Kalsi', 'Bowler', 6, '/players/rohit-k.jpg', 118, 0, 140, 1, 6, 0, 0, 0);
INSERT INTO players (id, team_id, name, role, jersey, photo, runs, wickets, strike_rate, fifties, economy, fours, sixes, boundaries) VALUES (440, 29, 'Jay Singh Yadav', 'All Rounder', 15, '/players/jay-y.jpg', 124, 0, 158.5, 2, 6, 11, 8, 19);
INSERT INTO players (id, team_id, name, role, jersey, photo, runs, wickets, strike_rate, fifties, economy, fours, sixes, boundaries) VALUES (441, 29, 'Ankit Mourya', 'Batter', 20, '/players/ankit-m.jpg', 0, 0, 140, 0, 6, 0, 0, 0);
INSERT INTO players (id, team_id, name, role, jersey, photo, runs, wickets, strike_rate, fifties, economy, fours, sixes, boundaries) VALUES (442, 29, 'Kamaran Ali', 'All Rounder', 8, '/players/kamaran-a.jpg', 0, 0, 140, 0, 6, 0, 0, 0);
INSERT INTO players (id, team_id, name, role, jersey, photo, runs, wickets, strike_rate, fifties, economy, fours, sixes, boundaries) VALUES (443, 29, 'Rahul Varma', 'Bowler', 2, '/players/rahul-v.jpg', 0, 0, 140, 0, 6, 0, 0, 0);
INSERT INTO players (id, team_id, name, role, jersey, photo, runs, wickets, strike_rate, fifties, economy, fours, sixes, boundaries) VALUES (444, 29, 'Avinash Rajbhar', 'All Rounder', 11, '/players/avinash-r.jpg', 0, 0, 140, 0, 6, 0, 0, 0);
INSERT INTO players (id, team_id, name, role, jersey, photo, runs, wickets, strike_rate, fifties, economy, fours, sixes, boundaries) VALUES (445, 30, 'Vignesh Pattabi', 'All Rounder', 18, '/players/vignesh-p.jpg', 105, 0, 158.5, 0, 6, 9, 3, 12);
INSERT INTO players (id, team_id, name, role, jersey, photo, runs, wickets, strike_rate, fifties, economy, fours, sixes, boundaries) VALUES (446, 30, 'Yash Singh', 'Batter', 7, '/players/yash-s.jpg', 0, 0, 140, 0, 6, 0, 0, 0);
INSERT INTO players (id, team_id, name, role, jersey, photo, runs, wickets, strike_rate, fifties, economy, fours, sixes, boundaries) VALUES (447, 30, 'Sagar Bhandary', 'All Rounder', 10, '/players/sagar-b.jpg', 0, 0, 140, 0, 6, 0, 0, 0);
INSERT INTO players (id, team_id, name, role, jersey, photo, runs, wickets, strike_rate, fifties, economy, fours, sixes, boundaries) VALUES (448, 30, 'Shylesh Acharya', 'All Rounder', 5, '/players/shylesh-a.jpg', 0, 0, 140, 0, 6, 0, 0, 0);
INSERT INTO players (id, team_id, name, role, jersey, photo, runs, wickets, strike_rate, fifties, economy, fours, sixes, boundaries) VALUES (449, 30, 'Prasanna Basavanna', 'Bowler', 22, '/players/prasanna-b.jpg', 0, 0, 140, 0, 6, 0, 0, 0);
INSERT INTO players (id, team_id, name, role, jersey, photo, runs, wickets, strike_rate, fifties, economy, fours, sixes, boundaries) VALUES (450, 30, 'Suprith', 'All Rounder', 3, '/players/suprith.jpg', 0, 0, 140, 0, 6, 0, 0, 0);
INSERT INTO players (id, team_id, name, role, jersey, photo, runs, wickets, strike_rate, fifties, economy, fours, sixes, boundaries) VALUES (451, 30, 'Ankit Mourya', 'Batter', 12, '/players/ankit-m.jpg', 0, 0, 140, 0, 6, 0, 0, 0);
INSERT INTO players (id, team_id, name, role, jersey, photo, runs, wickets, strike_rate, fifties, economy, fours, sixes, boundaries) VALUES (452, 30, 'Rahul Varma', 'All Rounder', 33, '/players/rahul-v.jpg', 0, 0, 140, 0, 6, 0, 0, 0);
INSERT INTO players (id, team_id, name, role, jersey, photo, runs, wickets, strike_rate, fifties, economy, fours, sixes, boundaries) VALUES (453, 30, 'Mejar Ansari', 'Batter', 9, '/players/mejar-a.jpg', 0, 0, 140, 0, 6, 0, 0, 0);
INSERT INTO players (id, team_id, name, role, jersey, photo, runs, wickets, strike_rate, fifties, economy, fours, sixes, boundaries) VALUES (454, 30, 'Kamaran Ali', 'All Rounder', 4, '/players/kamaran-a.jpg', 0, 0, 140, 0, 6, 0, 0, 0);
INSERT INTO players (id, team_id, name, role, jersey, photo, runs, wickets, strike_rate, fifties, economy, fours, sixes, boundaries) VALUES (455, 30, 'Muhammad Kaif', 'Batter', 2, '/players/muhammad-k.jpg', 0, 0, 140, 0, 6, 0, 0, 0);
INSERT INTO players (id, team_id, name, role, jersey, photo, runs, wickets, strike_rate, fifties, economy, fours, sixes, boundaries) VALUES (456, 30, 'Mohad Samad', 'Bowler', 6, '/players/mohad-s.jpg', 0, 0, 140, 0, 6, 0, 0, 0);
INSERT INTO players (id, team_id, name, role, jersey, photo, runs, wickets, strike_rate, fifties, economy, fours, sixes, boundaries) VALUES (457, 30, 'Ankit Sharma', 'Bowler', 15, '/players/ankit-s.jpg', 0, 0, 140, 0, 6, 0, 0, 0);
INSERT INTO players (id, team_id, name, role, jersey, photo, runs, wickets, strike_rate, fifties, economy, fours, sixes, boundaries) VALUES (458, 30, 'Manthan Mishra', 'Bowler', 19, '/players/manthan-m.jpg', 0, 0, 140, 0, 6, 0, 0, 0);
INSERT INTO players (id, team_id, name, role, jersey, photo, runs, wickets, strike_rate, fifties, economy, fours, sixes, boundaries) VALUES (459, 30, 'Avinash Rajbhar', 'All Rounder', 11, '/players/avinash-r.jpg', 0, 0, 140, 0, 6, 0, 0, 0);
INSERT INTO players (id, team_id, name, role, jersey, photo, runs, wickets, strike_rate, fifties, economy, fours, sixes, boundaries) VALUES (460, 30, 'Kiran Lefty', 'All Rounder', 25, '/players/kiran-l.jpg', 0, 0, 140, 0, 6, 0, 0, 0);
INSERT INTO players (id, team_id, name, role, jersey, photo, runs, wickets, strike_rate, fifties, economy, fours, sixes, boundaries) VALUES (461, 31, 'Azher Uddin', 'Bowler', 10, '/players/azher-u.jpg', 0, 0, 140, 0, 6, 0, 0, 0);
INSERT INTO players (id, team_id, name, role, jersey, photo, runs, wickets, strike_rate, fifties, economy, fours, sixes, boundaries) VALUES (462, 31, 'Ahmed Askari', 'All Rounder', 7, '/players/ahmed-a.jpg', 0, 0, 140, 0, 6, 0, 0, 0);
INSERT INTO players (id, team_id, name, role, jersey, photo, runs, wickets, strike_rate, fifties, economy, fours, sixes, boundaries) VALUES (463, 31, 'Syed Salman', 'All Rounder', 14, '/players/syed-s.jpg', 0, 0, 140, 0, 6, 0, 0, 0);
INSERT INTO players (id, team_id, name, role, jersey, photo, runs, wickets, strike_rate, fifties, economy, fours, sixes, boundaries) VALUES (464, 31, 'Azhar Shaikh', 'Bowler', 5, '/players/azhar-s.jpg', 0, 0, 140, 0, 6, 0, 0, 0);
INSERT INTO players (id, team_id, name, role, jersey, photo, runs, wickets, strike_rate, fifties, economy, fours, sixes, boundaries) VALUES (465, 31, 'Gummadi Kranthi', 'All Rounder', 22, '/players/gummadi-k.jpg', 0, 0, 140, 0, 6, 0, 0, 0);
INSERT INTO players (id, team_id, name, role, jersey, photo, runs, wickets, strike_rate, fifties, economy, fours, sixes, boundaries) VALUES (466, 31, 'Md Wajid Ahmed', 'All Rounder', 1, '/players/md-wajid.jpg', 0, 0, 140, 0, 6, 0, 0, 0);
INSERT INTO players (id, team_id, name, role, jersey, photo, runs, wickets, strike_rate, fifties, economy, fours, sixes, boundaries) VALUES (467, 31, 'Akhil Rathod', 'All Rounder', 11, '/players/akhil-r.jpg', 0, 0, 140, 0, 6, 0, 0, 0);
INSERT INTO players (id, team_id, name, role, jersey, photo, runs, wickets, strike_rate, fifties, economy, fours, sixes, boundaries) VALUES (468, 31, 'Mohad Salman', 'Batter', 9, '/players/mohad-s.jpg', 0, 0, 140, 0, 6, 0, 0, 0);
INSERT INTO players (id, team_id, name, role, jersey, photo, runs, wickets, strike_rate, fifties, economy, fours, sixes, boundaries) VALUES (469, 31, 'P Naveen', 'Batter', 3, '/players/p-naveen.jpg', 0, 0, 140, 0, 6, 0, 0, 0);
INSERT INTO players (id, team_id, name, role, jersey, photo, runs, wickets, strike_rate, fifties, economy, fours, sixes, boundaries) VALUES (470, 31, 'Saif Masqati', 'All Rounder', 8, '/players/saif-m.jpg', 0, 0, 140, 0, 6, 0, 0, 0);
INSERT INTO players (id, team_id, name, role, jersey, photo, runs, wickets, strike_rate, fifties, economy, fours, sixes, boundaries) VALUES (471, 31, 'Md Yasar Arafath', 'Bowler', 2, '/players/md-yasar.jpg', 0, 0, 140, 0, 6, 0, 0, 0);
INSERT INTO players (id, team_id, name, role, jersey, photo, runs, wickets, strike_rate, fifties, economy, fours, sixes, boundaries) VALUES (472, 31, 'Mohammed Nadeem', 'Bowler', 13, '/players/md-nadeem.jpg', 0, 0, 140, 0, 6, 0, 0, 0);
INSERT INTO players (id, team_id, name, role, jersey, photo, runs, wickets, strike_rate, fifties, economy, fours, sixes, boundaries) VALUES (473, 31, 'Sahil Singh', 'Batter', 6, '/players/sahil-s.jpg', 0, 0, 140, 0, 6, 0, 0, 0);
INSERT INTO players (id, team_id, name, role, jersey, photo, runs, wickets, strike_rate, fifties, economy, fours, sixes, boundaries) VALUES (474, 31, 'Syed Mustakeem', 'Bowler', 4, '/players/syed-m.jpg', 0, 0, 140, 0, 6, 0, 0, 0);
INSERT INTO players (id, team_id, name, role, jersey, photo, runs, wickets, strike_rate, fifties, economy, fours, sixes, boundaries) VALUES (475, 31, 'Happy Kumar', 'All Rounder', 15, '/players/happy-k.jpg', 0, 0, 140, 0, 6, 0, 0, 0);
INSERT INTO players (id, team_id, name, role, jersey, photo, runs, wickets, strike_rate, fifties, economy, fours, sixes, boundaries) VALUES (476, 31, 'Vibhakar Bittu', 'Batter', 20, '/players/vibhakar-b.jpg', 0, 0, 140, 0, 6, 0, 0, 0);
INSERT INTO players (id, team_id, name, role, jersey, photo, runs, wickets, strike_rate, fifties, economy, fours, sixes, boundaries) VALUES (477, 32, 'Shardul Thakur', 'All Rounder', 54, '/players/shardul-t.jpg', 0, 0, 140, 0, 6, 0, 0, 0);
INSERT INTO players (id, team_id, name, role, jersey, photo, runs, wickets, strike_rate, fifties, economy, fours, sixes, boundaries) VALUES (478, 32, 'Rohit Sharma', 'Batter', 45, '/players/rohit-s.jpg', 0, 0, 140, 0, 6, 0, 0, 0);
INSERT INTO players (id, team_id, name, role, jersey, photo, runs, wickets, strike_rate, fifties, economy, fours, sixes, boundaries) VALUES (479, 32, 'Suryakumar Yadav', 'Batter', 63, '/players/suryakumar-y.jpg', 0, 0, 140, 0, 6, 0, 0, 0);
INSERT INTO players (id, team_id, name, role, jersey, photo, runs, wickets, strike_rate, fifties, economy, fours, sixes, boundaries) VALUES (480, 32, 'Jasprit Bumrah', 'Bowler', 93, '/players/jasprit-b.jpg', 0, 0, 140, 0, 6, 0, 0, 0);
INSERT INTO players (id, team_id, name, role, jersey, photo, runs, wickets, strike_rate, fifties, economy, fours, sixes, boundaries) VALUES (481, 32, 'Tushar Deshpande', 'Bowler', 24, '/players/tushar-d.jpg', 0, 0, 140, 0, 6, 0, 0, 0);
INSERT INTO players (id, team_id, name, role, jersey, photo, runs, wickets, strike_rate, fifties, economy, fours, sixes, boundaries) VALUES (482, 32, 'Shams Mulani', 'All Rounder', 7, '/players/shams-m.jpg', 0, 0, 140, 0, 6, 0, 0, 0);
INSERT INTO players (id, team_id, name, role, jersey, photo, runs, wickets, strike_rate, fifties, economy, fours, sixes, boundaries) VALUES (483, 32, 'Tanush Kotian', 'All Rounder', 12, '/players/tanush-k.jpg', 0, 0, 140, 0, 6, 0, 0, 0);
INSERT INTO players (id, team_id, name, role, jersey, photo, runs, wickets, strike_rate, fifties, economy, fours, sixes, boundaries) VALUES (484, 32, 'Hardik Tamore', 'Wicket Keeper', 8, '/players/hardik-t.jpg', 0, 0, 140, 0, 6, 0, 0, 0);
INSERT INTO players (id, team_id, name, role, jersey, photo, runs, wickets, strike_rate, fifties, economy, fours, sixes, boundaries) VALUES (485, 32, 'Musheer Khan', 'All Rounder', 22, '/players/musheer-k.jpg', 0, 0, 140, 0, 6, 0, 0, 0);
INSERT INTO players (id, team_id, name, role, jersey, photo, runs, wickets, strike_rate, fifties, economy, fours, sixes, boundaries) VALUES (486, 32, 'Mohit Avasthi', 'Bowler', 11, '/players/mohit-a.jpg', 0, 0, 140, 0, 6, 0, 0, 0);
INSERT INTO players (id, team_id, name, role, jersey, photo, runs, wickets, strike_rate, fifties, economy, fours, sixes, boundaries) VALUES (487, 32, 'Sairaj Patil', 'Batter', 19, '/players/sairaj-p.jpg', 0, 0, 140, 0, 6, 0, 0, 0);
INSERT INTO players (id, team_id, name, role, jersey, photo, runs, wickets, strike_rate, fifties, economy, fours, sixes, boundaries) VALUES (488, 32, 'Ajinkya Rahane', 'Batter', 27, '/players/ajinkya-r.jpg', 0, 0, 140, 0, 6, 0, 0, 0);
INSERT INTO players (id, team_id, name, role, jersey, photo, runs, wickets, strike_rate, fifties, economy, fours, sixes, boundaries) VALUES (489, 32, 'Shivam Dube', 'All Rounder', 25, '/players/shivam-d.jpg', 0, 0, 140, 0, 6, 0, 0, 0);
INSERT INTO players (id, team_id, name, role, jersey, photo, runs, wickets, strike_rate, fifties, economy, fours, sixes, boundaries) VALUES (490, 32, 'Atharva Ankolekar', 'Bowler', 33, '/players/atharva-a.jpg', 0, 0, 140, 0, 6, 0, 0, 0);
INSERT INTO players (id, team_id, name, role, jersey, photo, runs, wickets, strike_rate, fifties, economy, fours, sixes, boundaries) VALUES (491, 32, 'Suryansh Shedge', 'All Rounder', 9, '/players/suryansh-s.jpg', 0, 0, 140, 0, 6, 0, 0, 0);
INSERT INTO players (id, team_id, name, role, jersey, photo, runs, wickets, strike_rate, fifties, economy, fours, sixes, boundaries) VALUES (492, 32, 'Himanshu Singh', 'Bowler', 6, '/players/himanshu-s.jpg', 0, 0, 140, 0, 6, 0, 0, 0);

-- 4. SEED MATCHES
INSERT INTO matches (id, stage, date, venue, team1_id, team2_id, score_team1, score_team2, summary, status, winner_team_id) VALUES (101, 'FINAL', '2025-12-21', 'Kini Cricket Ground', 20, 26, '104/6', '108/8', 'Punjab won by 2 wickets.', 'completed', 26);
INSERT INTO matches (id, stage, date, venue, team1_id, team2_id, score_team1, score_team2, summary, status, winner_team_id) VALUES (102, 'SEMIFINAL 2', '2025-12-19', 'Kini Cricket Ground', 26, 29, '70/8', '62/7', 'Punjab won by 8 runs.', 'completed', 26);
INSERT INTO matches (id, stage, date, venue, team1_id, team2_id, score_team1, score_team2, summary, status, winner_team_id) VALUES (103, 'SEMIFINAL 1', '2025-12-18', 'Kini Cricket Ground', 20, 3, '82/7', '77/8', 'UP Blue won by 5 runs.', 'completed', 20);
INSERT INTO matches (id, stage, date, venue, team1_id, team2_id, score_team1, score_team2, summary, status, winner_team_id) VALUES (104, 'QUARTER FINAL 4', '2025-12-17', 'Kini Cricket Ground', 26, 18, '89/9', '73/5', 'Punjab won by 16 runs.', 'completed', 26);
INSERT INTO matches (id, stage, date, venue, team1_id, team2_id, score_team1, score_team2, summary, status, winner_team_id) VALUES (105, 'QUARTER FINAL 3', '2025-12-17', 'Kini Cricket Ground', 3, 17, '102/8', '62/10', 'Rajasthan won by 40 runs.', 'completed', 3);
INSERT INTO matches (id, stage, date, venue, team1_id, team2_id, score_team1, score_team2, summary, status, winner_team_id) VALUES (106, 'SUPER 16 M-8', '2025-12-16', 'Kini Cricket Ground', 25, 18, '62/10', '64/2', 'Karnataka won by 8 wickets.', 'completed', 18);
INSERT INTO matches (id, stage, date, venue, team1_id, team2_id, score_team1, score_team2, summary, status, winner_team_id) VALUES (107, 'SUPER 16 M-7', '2025-12-16', 'Kini Cricket Ground', 17, 32, NULL, NULL, 'Odisha won by 19 runs.', 'completed', 17);
INSERT INTO matches (id, stage, date, venue, team1_id, team2_id, score_team1, score_team2, summary, status, winner_team_id) VALUES (108, 'SUPER 16 M-6', '2025-12-12', 'Kini Cricket Ground', 21, 26, '64/9', '65/10', 'Punjab Golden Fighters won by 1 runs.', 'completed', 26);
INSERT INTO matches (id, stage, date, venue, team1_id, team2_id, score_team1, score_team2, summary, status, winner_team_id) VALUES (109, 'SUPER 16 M-5', '2025-12-12', 'Kini Cricket Ground', 3, 5, '80/6', '56/10', 'Royal Rajaputs (Rajasthan) won by 24 runs.', 'completed', 3);
INSERT INTO matches (id, stage, date, venue, team1_id, team2_id, score_team1, score_team2, summary, status, winner_team_id) VALUES (110, 'SUPER 16 M-4', '2025-12-08', 'Kini Cricket Ground', 22, 7, '72/8', '73/3', 'Andhra Warriors won by 7 wickets.', 'completed', 7);
INSERT INTO matches (id, stage, date, venue, team1_id, team2_id, score_team1, score_team2, summary, status, winner_team_id) VALUES (111, 'SUPER 16 M-3', '2025-12-08', 'Kini Cricket Ground', 9, 20, '82/3', '95/7', 'Kings UP Blue won by 13 runs.', 'completed', 20);
INSERT INTO matches (id, stage, date, venue, team1_id, team2_id, score_team1, score_team2, summary, status, winner_team_id) VALUES (112, 'SUPER 16 M-2', '2025-12-04', 'Kini Cricket Ground', 29, 2, '55/1', '54/8', 'Uttara Raptors won by 9 wickets.', 'completed', 29);
INSERT INTO matches (id, stage, date, venue, team1_id, team2_id, score_team1, score_team2, summary, status, winner_team_id) VALUES (113, 'SUPER 16 M-1', '2025-12-04', 'Kini Cricket Ground', 1, 31, '78/7', '79/4', 'Telangana Singhams won by 6 wickets.', 'completed', 31);
INSERT INTO matches (id, stage, date, venue, team1_id, team2_id, score_team1, score_team2, summary, status, winner_team_id) VALUES (38, 'ISCL MATCH 38', '2025-12-13', 'Kini Cricket Ground', 25, 24, '80/3', '78/7', 'Phoenix Haryana won by 7 wickets.', 'completed', 25);
INSERT INTO matches (id, stage, date, venue, team1_id, team2_id, score_team1, score_team2, summary, status, winner_team_id) VALUES (37, 'ISCL MATCH 37', '2025-12-12', 'Kini Cricket Ground', 32, 13, '80/10', '75/4', 'Mumbai Royals won by 5 runs.', 'completed', 32);
INSERT INTO matches (id, stage, date, venue, team1_id, team2_id, score_team1, score_team2, summary, status, winner_team_id) VALUES (36, 'ISCL MATCH 36', '2025-12-12', 'Kini Cricket Ground', 5, 26, '69/6', '72/5', 'Punjab Golden Fighters won by 5 wickets.', 'completed', 26);
INSERT INTO matches (id, stage, date, venue, team1_id, team2_id, score_team1, score_team2, summary, status, winner_team_id) VALUES (35, 'ISCL MATCH 35', '2025-12-11', 'Kini Cricket Ground', 5, 14, '73/7', '75/3', 'Hornbill Tigers (Assam) won by 7 wickets.', 'completed', 14);
INSERT INTO matches (id, stage, date, venue, team1_id, team2_id, score_team1, score_team2, summary, status, winner_team_id) VALUES (34, 'ISCL MATCH 34', '2025-12-11', 'Kini Cricket Ground', 26, 15, '114/9', '82/6', 'Punjab Golden Fighters won by 32 runs.', 'completed', 26);
INSERT INTO matches (id, stage, date, venue, team1_id, team2_id, score_team1, score_team2, summary, status, winner_team_id) VALUES (33, 'ISCL MATCH 33', '2025-12-11', 'Kini Cricket Ground', 16, 21, '94/6', '90/3', 'Kadamba Kings Goa won by 4 runs.', 'completed', 16);
INSERT INTO matches (id, stage, date, venue, team1_id, team2_id, score_team1, score_team2, summary, status, winner_team_id) VALUES (32, 'ISCL MATCH 32', '2025-12-11', 'Kini Cricket Ground', 4, 3, '73/10', '90/4', 'Royal Rajputs won by 17 runs.', 'completed', 3);
INSERT INTO matches (id, stage, date, venue, team1_id, team2_id, score_team1, score_team2, summary, status, winner_team_id) VALUES (31, 'ISCL MATCH 31', '2025-12-10', 'Kini Cricket Ground', 4, 21, '55/8', '90/7', 'Ma Dugga Warriors won by 35 runs.', 'completed', 21);
INSERT INTO matches (id, stage, date, venue, team1_id, team2_id, score_team1, score_team2, summary, status, winner_team_id) VALUES (30, 'ISCL MATCH 30', '2025-12-10', 'Kini Cricket Ground', 14, 26, '41/7', '88/7', 'Punjab Golden Fighters won by 47 runs.', 'completed', 26);
INSERT INTO matches (id, stage, date, venue, team1_id, team2_id, score_team1, score_team2, summary, status, winner_team_id) VALUES (29, 'ISCL MATCH 29', '2025-12-10', 'Kini Cricket Ground', 5, 15, '68/10', '60/6', 'Delhi Dare Strikers won by 8 runs.', 'completed', 5);
INSERT INTO matches (id, stage, date, venue, team1_id, team2_id, score_team1, score_team2, summary, status, winner_team_id) VALUES (28, 'ISCL MATCH 28', '2026-01-10', 'Kini Cricket Ground', 16, 3, '77/10', '91/3', 'Royal Rajaputs won by 14 runs.', 'completed', 3);
INSERT INTO matches (id, stage, date, venue, team1_id, team2_id, score_team1, score_team2, summary, status, winner_team_id) VALUES (27, 'ISCL MATCH 27', '2026-01-09', 'Kini Cricket Ground', 3, 21, '70/2', '69/8', 'Royal Rajaputs won by 8 wickets.', 'completed', 3);
INSERT INTO matches (id, stage, date, venue, team1_id, team2_id, score_team1, score_team2, summary, status, winner_team_id) VALUES (26, 'ISCL MATCH 26', '2025-12-09', 'Kini Cricket Ground', 16, 4, '71/8', '72/8', 'Twin Hills United won by 1 run.', 'completed', 4);
INSERT INTO matches (id, stage, date, venue, team1_id, team2_id, score_team1, score_team2, summary, status, winner_team_id) VALUES (25, 'ISCL MATCH 25', '2025-12-09', 'Kini Cricket Ground', 14, 15, '67/8', '90/6', 'Jharkhand Strikers won by 23 runs.', 'completed', 15);
INSERT INTO matches (id, stage, date, venue, team1_id, team2_id, score_team1, score_team2, summary, status, winner_team_id) VALUES (24, 'ISCL MATCH 24', '2025-12-07', 'Kini Cricket Ground', 11, 6, '65/5', '95/6', 'Andaman Admirals won by 30 runs.', 'completed', 6);
INSERT INTO matches (id, stage, date, venue, team1_id, team2_id, score_team1, score_team2, summary, status, winner_team_id) VALUES (23, 'ISCL MATCH 23', '2025-12-07', 'Kini Cricket Ground', 28, 20, '60/8', '98/6', 'Kings UP Blue won by 38 runs.', 'completed', 20);
INSERT INTO matches (id, stage, date, venue, team1_id, team2_id, score_team1, score_team2, summary, status, winner_team_id) VALUES (22, 'ISCL MATCH 22', '2025-12-07', 'Kini Cricket Ground', 7, 6, '93/4', '76/3', 'Andhra Warriors won by 17 runs.', 'completed', 7);
INSERT INTO matches (id, stage, date, venue, team1_id, team2_id, score_team1, score_team2, summary, status, winner_team_id) VALUES (21, 'ISCL MATCH 21', '2025-12-07', 'Kini Cricket Ground', 22, 28, '58/9', '59/9', 'South Zone won by 1 runs.', 'completed', 28);
INSERT INTO matches (id, stage, date, venue, team1_id, team2_id, score_team1, score_team2, summary, status, winner_team_id) VALUES (20, 'ISCL MATCH 20', '2025-12-06', 'Kini Cricket Ground', 11, 9, '35/10', '36/1', 'Chandigarh won by 9 wickets.', 'completed', 9);
INSERT INTO matches (id, stage, date, venue, team1_id, team2_id, score_team1, score_team2, summary, status, winner_team_id) VALUES (19, 'ISCL MATCH 19', '2025-12-06', 'Kini Cricket Ground', 28, 10, '121/5', '58/9', 'South Zone won by 63 runs.', 'completed', 28);
INSERT INTO matches (id, stage, date, venue, team1_id, team2_id, score_team1, score_team2, summary, status, winner_team_id) VALUES (18, 'ISCL MATCH 18', '2025-12-06', 'Kini Cricket Ground', 7, 11, '50/2', '49/5', 'Andhra Warriors won by 8 wickets.', 'completed', 7);
INSERT INTO matches (id, stage, date, venue, team1_id, team2_id, score_team1, score_team2, summary, status, winner_team_id) VALUES (17, 'ISCL MATCH 17', '2025-12-05', 'Kini Cricket Ground', 20, 22, '79/8', '81/5', 'Malwa Royals won by 5 wickets.', 'completed', 22);
INSERT INTO matches (id, stage, date, venue, team1_id, team2_id, score_team1, score_team2, summary, status, winner_team_id) VALUES (16, 'ISCL MATCH 16', '2025-12-05', 'Kini Cricket Ground', 9, 6, '94/6', '70/6', 'Chandigarh won by 24 runs.', 'completed', 9);
INSERT INTO matches (id, stage, date, venue, team1_id, team2_id, score_team1, score_team2, summary, status, winner_team_id) VALUES (15, 'ISCL MATCH 15', '2025-12-05', 'Kini Cricket Ground', 22, 10, '136/1', '46/3', 'Malwa Royals won by 90 runs.', 'completed', 22);
INSERT INTO matches (id, stage, date, venue, team1_id, team2_id, score_team1, score_team2, summary, status, winner_team_id) VALUES (14, 'ISCL MATCH 14', '2025-12-05', 'Kini Cricket Ground', 7, 9, '98/5', '147/2', 'Chandigarh won by 49 runs.', 'completed', 9);
INSERT INTO matches (id, stage, date, venue, team1_id, team2_id, score_team1, score_team2, summary, status, winner_team_id) VALUES (13, 'ISCL MATCH 13', '2025-12-04', 'Kini Cricket Ground', 20, 10, '92/6', '90/7', 'Kings UP Blue won by 2 runs.', 'completed', 20);
INSERT INTO matches (id, stage, date, venue, team1_id, team2_id, score_team1, score_team2, summary, status, winner_team_id) VALUES (12, 'ISCL MATCH 12', '2025-12-04', 'Kini Cricket Ground', 29, 30, '82/5', '84/4', 'Real Challengers Bengaluru won by 6 wickets.', 'completed', 30);
INSERT INTO matches (id, stage, date, venue, team1_id, team2_id, score_team1, score_team2, summary, status, winner_team_id) VALUES (11, 'ISCL MATCH 11', '2025-12-03', 'Kini Cricket Ground', 12, 2, '46/8', '107/8', 'Maharashtra won by 61 runs.', 'completed', 2);
INSERT INTO matches (id, stage, date, venue, team1_id, team2_id, score_team1, score_team2, summary, status, winner_team_id) VALUES (10, 'ISCL MATCH 10', '2025-12-03', 'Kini Cricket Ground', 31, 8, '103/6', '90/9', 'Telangana won by 13 runs.', 'completed', 31);
INSERT INTO matches (id, stage, date, venue, team1_id, team2_id, score_team1, score_team2, summary, status, winner_team_id) VALUES (9, 'ISCL MATCH 9', '2025-12-03', 'Kini Cricket Ground', 1, 27, '120/8', '39/10', 'Gujarati Kings won by 81 runs.', 'completed', 1);
INSERT INTO matches (id, stage, date, venue, team1_id, team2_id, score_team1, score_team2, summary, status, winner_team_id) VALUES (8, 'ISCL MATCH 8', '2025-12-03', 'Kini Cricket Ground', 29, 31, '127/5', '80/8', 'Uttara Raptors won by 47 runs.', 'completed', 29);
INSERT INTO matches (id, stage, date, venue, team1_id, team2_id, score_team1, score_team2, summary, status, winner_team_id) VALUES (7, 'ISCL MATCH 7', '2025-12-02', 'Kini Cricket Ground', 30, 8, '88/9', '89/7', 'Bihar won by 1 run.', 'completed', 8);
INSERT INTO matches (id, stage, date, venue, team1_id, team2_id, score_team1, score_team2, summary, status, winner_team_id) VALUES (6, 'ISCL MATCH 6', '2025-12-02', 'Kini Cricket Ground', 2, 27, '59/9', '54/9', 'Maharashtra won by 5 runs.', 'completed', 2);
INSERT INTO matches (id, stage, date, venue, team1_id, team2_id, score_team1, score_team2, summary, status, winner_team_id) VALUES (5, 'ISCL MATCH 5', '2025-12-02', 'Kini Cricket Ground', 1, 12, '69/0', '66/8', 'Gujarati Kings won by 10 wickets.', 'completed', 1);
INSERT INTO matches (id, stage, date, venue, team1_id, team2_id, score_team1, score_team2, summary, status, winner_team_id) VALUES (4, 'ISCL MATCH 4', '2025-12-02', 'Kini Cricket Ground', 30, 31, '73/8', '90/4', 'Telangana won by 17 runs.', 'completed', 31);
INSERT INTO matches (id, stage, date, venue, team1_id, team2_id, score_team1, score_team2, summary, status, winner_team_id) VALUES (3, 'ISCL MATCH 3', '2025-12-01', 'Kini Cricket Ground', 12, 27, '72/4', '73/1', 'Raipur Rage won by 9 wickets.', 'completed', 27);
INSERT INTO matches (id, stage, date, venue, team1_id, team2_id, score_team1, score_team2, summary, status, winner_team_id) VALUES (2, 'ISCL MATCH 2', '2025-12-01', 'Kini Cricket Ground', 8, 29, '69/7', '70/5', 'Uttara Raptors won by 5 wickets.', 'completed', 29);
INSERT INTO matches (id, stage, date, venue, team1_id, team2_id, score_team1, score_team2, summary, status, winner_team_id) VALUES (1, 'ISCL MATCH 1', '2025-12-01', 'Kini Cricket Ground', 1, 2, '109/5', '42/10', 'Gujarati Kings won by 67 runs.', 'completed', 1);

-- 5. SEED NEWS ARTICLES
INSERT INTO news (id, title, excerpt, content, image, tag, date) VALUES (1, 'ISCL Hosts Grand Official Jersey Launch & Team Owners Introduction Ceremony as Season 03 Registrations Open', 'The road to the championship builds momentum as the league unveils its vibrant new team jerseys and introduces the visionaries backing the franchises.', 'The road to the championship builds momentum as the league unveils its vibrant new team jerseys and introduces the visionaries backing the franchises.', '/images/gully_cricket.png', 'Press Release', '2026-06-03');
INSERT INTO news (id, title, excerpt, content, image, tag, date) VALUES (2, 'Inaugural ISCL Season Concludes as a Historic Milestone for Indian Softball Cricket; Punjab Crowned Champions', 'Punjab lifts the trophy after a dramatic win under the stadium floodlights, sealing a legendary campaign.', 'Punjab lifts the trophy after a dramatic win under the stadium floodlights, sealing a legendary campaign.', '/images/cricket_stadium_night.png', 'Match Report', '2026-05-20');
INSERT INTO news (id, title, excerpt, content, image, tag, date) VALUES (3, 'Suresh Raina Champions Grassroots Talent as Official Ambassador of the ISCL', 'Former Indian cricket star and revered ''Mr. IPL'' aligns with Founder & President Dr. Gangadhar Raju to provide an incredible platform.', 'Former Indian cricket star and revered ''Mr. IPL'' aligns with Founder & President Dr. Gangadhar Raju to provide an incredible platform.', '/images/suresh_raina.png', 'Interview', '2026-06-01');
INSERT INTO news (id, title, excerpt, content, image, tag, date) VALUES (4, 'Harbhajan Singh Joins Elite Panel to Mentor Gully Cricketers', 'The legendary spinner breaks down what it takes to leap from street pitches to grand stadiums.', 'The legendary spinner breaks down what it takes to leap from street pitches to grand stadiums.', '/images/harbhajan.png', 'Interview', '2026-06-02');
